ď»ż--
-- PostgreSQL database dump
--

\restrict qaiW7xcHTfu5Hwm2iHnYuHl76A1sk7fsOZOGdONIAY3s2wWowLJHEautad2fEfU

-- Dumped from database version 17.10 (9f6157c)
-- Dumped by pg_dump version 17.10

SET statement_timeout = 0;
SET lock_timeout = 0;
SET idle_in_transaction_session_timeout = 0;
SET transaction_timeout = 0;
SET client_encoding = 'UTF8';
SET standard_conforming_strings = on;
SELECT pg_catalog.set_config('search_path', '', false);
SET check_function_bodies = false;
SET xmloption = content;
SET client_min_messages = warning;
SET row_security = off;

--
-- Name: neon_auth; Type: SCHEMA; Schema: -; Owner: neon_auth
--

CREATE SCHEMA neon_auth;


ALTER SCHEMA neon_auth OWNER TO neon_auth;

SET default_tablespace = '';

SET default_table_access_method = heap;

--
-- Name: account; Type: TABLE; Schema: neon_auth; Owner: neon_auth
--

CREATE TABLE neon_auth.account (
    id uuid DEFAULT gen_random_uuid() NOT NULL,
    "accountId" text NOT NULL,
    "providerId" text NOT NULL,
    "userId" uuid NOT NULL,
    "accessToken" text,
    "refreshToken" text,
    "idToken" text,
    "accessTokenExpiresAt" timestamp with time zone,
    "refreshTokenExpiresAt" timestamp with time zone,
    scope text,
    password text,
    "createdAt" timestamp with time zone DEFAULT CURRENT_TIMESTAMP NOT NULL,
    "updatedAt" timestamp with time zone NOT NULL
);


ALTER TABLE neon_auth.account OWNER TO neon_auth;

--
-- Name: invitation; Type: TABLE; Schema: neon_auth; Owner: neon_auth
--

CREATE TABLE neon_auth.invitation (
    id uuid DEFAULT gen_random_uuid() NOT NULL,
    "organizationId" uuid NOT NULL,
    email text NOT NULL,
    role text,
    status text NOT NULL,
    "expiresAt" timestamp with time zone NOT NULL,
    "createdAt" timestamp with time zone DEFAULT CURRENT_TIMESTAMP NOT NULL,
    "inviterId" uuid NOT NULL
);


ALTER TABLE neon_auth.invitation OWNER TO neon_auth;

--
-- Name: jwks; Type: TABLE; Schema: neon_auth; Owner: neon_auth
--

CREATE TABLE neon_auth.jwks (
    id uuid DEFAULT gen_random_uuid() NOT NULL,
    "publicKey" text NOT NULL,
    "privateKey" text NOT NULL,
    "createdAt" timestamp with time zone NOT NULL,
    "expiresAt" timestamp with time zone
);


ALTER TABLE neon_auth.jwks OWNER TO neon_auth;

--
-- Name: member; Type: TABLE; Schema: neon_auth; Owner: neon_auth
--

CREATE TABLE neon_auth.member (
    id uuid DEFAULT gen_random_uuid() NOT NULL,
    "organizationId" uuid NOT NULL,
    "userId" uuid NOT NULL,
    role text NOT NULL,
    "createdAt" timestamp with time zone NOT NULL
);


ALTER TABLE neon_auth.member OWNER TO neon_auth;

--
-- Name: organization; Type: TABLE; Schema: neon_auth; Owner: neon_auth
--

CREATE TABLE neon_auth.organization (
    id uuid DEFAULT gen_random_uuid() NOT NULL,
    name text NOT NULL,
    slug text NOT NULL,
    logo text,
    "createdAt" timestamp with time zone NOT NULL,
    metadata text
);


ALTER TABLE neon_auth.organization OWNER TO neon_auth;

--
-- Name: project_config; Type: TABLE; Schema: neon_auth; Owner: neon_auth
--

CREATE TABLE neon_auth.project_config (
    id uuid DEFAULT gen_random_uuid() NOT NULL,
    name text NOT NULL,
    endpoint_id text NOT NULL,
    created_at timestamp with time zone DEFAULT CURRENT_TIMESTAMP NOT NULL,
    updated_at timestamp with time zone DEFAULT CURRENT_TIMESTAMP NOT NULL,
    trusted_origins jsonb NOT NULL,
    social_providers jsonb NOT NULL,
    email_provider jsonb,
    email_and_password jsonb,
    allow_localhost boolean NOT NULL,
    plugin_configs jsonb,
    webhook_config jsonb
);


ALTER TABLE neon_auth.project_config OWNER TO neon_auth;

--
-- Name: session; Type: TABLE; Schema: neon_auth; Owner: neon_auth
--

CREATE TABLE neon_auth.session (
    id uuid DEFAULT gen_random_uuid() NOT NULL,
    "expiresAt" timestamp with time zone NOT NULL,
    token text NOT NULL,
    "createdAt" timestamp with time zone DEFAULT CURRENT_TIMESTAMP NOT NULL,
    "updatedAt" timestamp with time zone NOT NULL,
    "ipAddress" text,
    "userAgent" text,
    "userId" uuid NOT NULL,
    "impersonatedBy" text,
    "activeOrganizationId" text
);


ALTER TABLE neon_auth.session OWNER TO neon_auth;

--
-- Name: user; Type: TABLE; Schema: neon_auth; Owner: neon_auth
--

CREATE TABLE neon_auth."user" (
    id uuid DEFAULT gen_random_uuid() NOT NULL,
    name text NOT NULL,
    email text NOT NULL,
    "emailVerified" boolean NOT NULL,
    image text,
    "createdAt" timestamp with time zone DEFAULT CURRENT_TIMESTAMP NOT NULL,
    "updatedAt" timestamp with time zone DEFAULT CURRENT_TIMESTAMP NOT NULL,
    role text,
    banned boolean,
    "banReason" text,
    "banExpires" timestamp with time zone
);


ALTER TABLE neon_auth."user" OWNER TO neon_auth;

--
-- Name: verification; Type: TABLE; Schema: neon_auth; Owner: neon_auth
--

CREATE TABLE neon_auth.verification (
    id uuid DEFAULT gen_random_uuid() NOT NULL,
    identifier text NOT NULL,
    value text NOT NULL,
    "expiresAt" timestamp with time zone NOT NULL,
    "createdAt" timestamp with time zone DEFAULT CURRENT_TIMESTAMP NOT NULL,
    "updatedAt" timestamp with time zone DEFAULT CURRENT_TIMESTAMP NOT NULL
);


ALTER TABLE neon_auth.verification OWNER TO neon_auth;

--
-- Name: areas; Type: TABLE; Schema: public; Owner: postgres
--

CREATE TABLE public.areas (
    id bigint NOT NULL,
    name character varying(100) NOT NULL,
    description character varying(255),
    location character varying(150),
    floor character varying(20),
    building character varying(50),
    responsible_id bigint,
    is_active boolean DEFAULT true,
    created_at timestamp without time zone DEFAULT now(),
    updated_at timestamp without time zone DEFAULT now()
);


ALTER TABLE public.areas OWNER TO postgres;

--
-- Name: areas_id_seq; Type: SEQUENCE; Schema: public; Owner: postgres
--

CREATE SEQUENCE public.areas_id_seq
    START WITH 1
    INCREMENT BY 1
    NO MINVALUE
    NO MAXVALUE
    CACHE 1;


ALTER SEQUENCE public.areas_id_seq OWNER TO postgres;

--
-- Name: areas_id_seq; Type: SEQUENCE OWNED BY; Schema: public; Owner: postgres
--

ALTER SEQUENCE public.areas_id_seq OWNED BY public.areas.id;


--
-- Name: asset_types; Type: TABLE; Schema: public; Owner: postgres
--

CREATE TABLE public.asset_types (
    id bigint NOT NULL,
    name character varying(50) NOT NULL,
    description character varying(255),
    category character varying(50) NOT NULL,
    created_at timestamp without time zone DEFAULT now()
);


ALTER TABLE public.asset_types OWNER TO postgres;

--
-- Name: asset_types_id_seq; Type: SEQUENCE; Schema: public; Owner: postgres
--

CREATE SEQUENCE public.asset_types_id_seq
    START WITH 1
    INCREMENT BY 1
    NO MINVALUE
    NO MAXVALUE
    CACHE 1;


ALTER SEQUENCE public.asset_types_id_seq OWNER TO postgres;

--
-- Name: asset_types_id_seq; Type: SEQUENCE OWNED BY; Schema: public; Owner: postgres
--

ALTER SEQUENCE public.asset_types_id_seq OWNED BY public.asset_types.id;


--
-- Name: assets; Type: TABLE; Schema: public; Owner: postgres
--

CREATE TABLE public.assets (
    id bigint NOT NULL,
    name character varying(100) NOT NULL,
    brand character varying(50),
    model character varying(100),
    serial_number character varying(100),
    codigo character varying(50),
    status character varying(20) DEFAULT 'ACTIVE'::character varying NOT NULL,
    purchase_date date,
    purchase_price numeric(14,2),
    warranty_expiry date,
    specifications text,
    notes text,
    asset_type_id bigint,
    area_id bigint,
    assigned_user_id bigint,
    created_by bigint,
    created_at timestamp without time zone DEFAULT now(),
    updated_at timestamp without time zone DEFAULT now()
);


ALTER TABLE public.assets OWNER TO postgres;

--
-- Name: assets_id_seq; Type: SEQUENCE; Schema: public; Owner: postgres
--

CREATE SEQUENCE public.assets_id_seq
    START WITH 1
    INCREMENT BY 1
    NO MINVALUE
    NO MAXVALUE
    CACHE 1;


ALTER SEQUENCE public.assets_id_seq OWNER TO postgres;

--
-- Name: assets_id_seq; Type: SEQUENCE OWNED BY; Schema: public; Owner: postgres
--

ALTER SEQUENCE public.assets_id_seq OWNED BY public.assets.id;


--
-- Name: audit_logs; Type: TABLE; Schema: public; Owner: postgres
--

CREATE TABLE public.audit_logs (
    id bigint NOT NULL,
    user_id bigint,
    username character varying(50),
    action character varying(50) NOT NULL,
    entity_type character varying(50),
    entity_id bigint,
    entity_description character varying(255),
    old_values text,
    new_values text,
    ip_address character varying(45),
    user_agent character varying(500),
    success boolean DEFAULT true,
    error_message character varying(500),
    "timestamp" timestamp without time zone DEFAULT now(),
    full_name character varying(100),
    role_name character varying(50)
);


ALTER TABLE public.audit_logs OWNER TO postgres;

--
-- Name: audit_logs_id_seq; Type: SEQUENCE; Schema: public; Owner: postgres
--

CREATE SEQUENCE public.audit_logs_id_seq
    START WITH 1
    INCREMENT BY 1
    NO MINVALUE
    NO MAXVALUE
    CACHE 1;


ALTER SEQUENCE public.audit_logs_id_seq OWNER TO postgres;

--
-- Name: audit_logs_id_seq; Type: SEQUENCE OWNED BY; Schema: public; Owner: postgres
--

ALTER SEQUENCE public.audit_logs_id_seq OWNED BY public.audit_logs.id;


--
-- Name: flyway_schema_history; Type: TABLE; Schema: public; Owner: postgres
--

CREATE TABLE public.flyway_schema_history (
    installed_rank integer NOT NULL,
    version character varying(50),
    description character varying(200) NOT NULL,
    type character varying(20) NOT NULL,
    script character varying(1000) NOT NULL,
    checksum integer,
    installed_by character varying(100) NOT NULL,
    installed_on timestamp without time zone DEFAULT now() NOT NULL,
    execution_time integer NOT NULL,
    success boolean NOT NULL
);


ALTER TABLE public.flyway_schema_history OWNER TO postgres;

--
-- Name: inventory_movements; Type: TABLE; Schema: public; Owner: postgres
--

CREATE TABLE public.inventory_movements (
    id bigint NOT NULL,
    asset_id bigint NOT NULL,
    movement_type character varying(30) NOT NULL,
    movement_date timestamp without time zone DEFAULT now() NOT NULL,
    from_area_id bigint,
    to_area_id bigint,
    from_user_id bigint,
    to_user_id bigint,
    reason character varying(255),
    notes text,
    reference_number character varying(50),
    created_by bigint,
    created_at timestamp without time zone DEFAULT now()
);


ALTER TABLE public.inventory_movements OWNER TO postgres;

--
-- Name: inventory_movements_id_seq; Type: SEQUENCE; Schema: public; Owner: postgres
--

CREATE SEQUENCE public.inventory_movements_id_seq
    START WITH 1
    INCREMENT BY 1
    NO MINVALUE
    NO MAXVALUE
    CACHE 1;


ALTER SEQUENCE public.inventory_movements_id_seq OWNER TO postgres;

--
-- Name: inventory_movements_id_seq; Type: SEQUENCE OWNED BY; Schema: public; Owner: postgres
--

ALTER SEQUENCE public.inventory_movements_id_seq OWNED BY public.inventory_movements.id;


--
-- Name: network_devices; Type: TABLE; Schema: public; Owner: postgres
--

CREATE TABLE public.network_devices (
    id bigint NOT NULL,
    asset_id bigint,
    ip_address character varying(45),
    mac_address character varying(17),
    hostname character varying(100),
    subnet_mask character varying(15),
    gateway character varying(45),
    dns_primary character varying(45),
    dns_secondary character varying(45),
    vlan_id integer,
    port_number integer,
    is_dhcp boolean DEFAULT false,
    network_status character varying(20) DEFAULT 'UNKNOWN'::character varying,
    last_seen timestamp without time zone,
    location_detail character varying(255),
    firmware_version character varying(50),
    created_at timestamp without time zone DEFAULT now(),
    updated_at timestamp without time zone DEFAULT now()
);


ALTER TABLE public.network_devices OWNER TO postgres;

--
-- Name: network_devices_id_seq; Type: SEQUENCE; Schema: public; Owner: postgres
--

CREATE SEQUENCE public.network_devices_id_seq
    START WITH 1
    INCREMENT BY 1
    NO MINVALUE
    NO MAXVALUE
    CACHE 1;


ALTER SEQUENCE public.network_devices_id_seq OWNER TO postgres;

--
-- Name: network_devices_id_seq; Type: SEQUENCE OWNED BY; Schema: public; Owner: postgres
--

ALTER SEQUENCE public.network_devices_id_seq OWNED BY public.network_devices.id;


--
-- Name: network_topology; Type: TABLE; Schema: public; Owner: postgres
--

CREATE TABLE public.network_topology (
    id bigint NOT NULL,
    source_device_id bigint NOT NULL,
    target_device_id bigint NOT NULL,
    connection_type character varying(30) NOT NULL,
    port_source character varying(20),
    port_target character varying(20),
    bandwidth character varying(20),
    notes text,
    is_active boolean DEFAULT true,
    created_at timestamp without time zone DEFAULT now()
);


ALTER TABLE public.network_topology OWNER TO postgres;

--
-- Name: network_topology_id_seq; Type: SEQUENCE; Schema: public; Owner: postgres
--

CREATE SEQUENCE public.network_topology_id_seq
    START WITH 1
    INCREMENT BY 1
    NO MINVALUE
    NO MAXVALUE
    CACHE 1;


ALTER SEQUENCE public.network_topology_id_seq OWNER TO postgres;

--
-- Name: network_topology_id_seq; Type: SEQUENCE OWNED BY; Schema: public; Owner: postgres
--

ALTER SEQUENCE public.network_topology_id_seq OWNED BY public.network_topology.id;


--
-- Name: roles; Type: TABLE; Schema: public; Owner: postgres
--

CREATE TABLE public.roles (
    id bigint NOT NULL,
    name character varying(50) NOT NULL,
    description character varying(255),
    created_at timestamp without time zone DEFAULT now()
);


ALTER TABLE public.roles OWNER TO postgres;

--
-- Name: roles_id_seq; Type: SEQUENCE; Schema: public; Owner: postgres
--

CREATE SEQUENCE public.roles_id_seq
    START WITH 1
    INCREMENT BY 1
    NO MINVALUE
    NO MAXVALUE
    CACHE 1;


ALTER SEQUENCE public.roles_id_seq OWNER TO postgres;

--
-- Name: roles_id_seq; Type: SEQUENCE OWNED BY; Schema: public; Owner: postgres
--

ALTER SEQUENCE public.roles_id_seq OWNED BY public.roles.id;


--
-- Name: user_roles; Type: TABLE; Schema: public; Owner: postgres
--

CREATE TABLE public.user_roles (
    user_id bigint NOT NULL,
    role_id bigint NOT NULL
);


ALTER TABLE public.user_roles OWNER TO postgres;

--
-- Name: users; Type: TABLE; Schema: public; Owner: postgres
--

CREATE TABLE public.users (
    id bigint NOT NULL,
    username character varying(50) NOT NULL,
    email character varying(100) NOT NULL,
    password character varying(255) NOT NULL,
    full_name character varying(100) NOT NULL,
    phone character varying(20),
    document_number character varying(20),
    is_active boolean DEFAULT true,
    created_at timestamp without time zone DEFAULT now(),
    updated_at timestamp without time zone DEFAULT now()
);


ALTER TABLE public.users OWNER TO postgres;

--
-- Name: users_id_seq; Type: SEQUENCE; Schema: public; Owner: postgres
--

CREATE SEQUENCE public.users_id_seq
    START WITH 1
    INCREMENT BY 1
    NO MINVALUE
    NO MAXVALUE
    CACHE 1;


ALTER SEQUENCE public.users_id_seq OWNER TO postgres;

--
-- Name: users_id_seq; Type: SEQUENCE OWNED BY; Schema: public; Owner: postgres
--

ALTER SEQUENCE public.users_id_seq OWNED BY public.users.id;


--
-- Name: areas id; Type: DEFAULT; Schema: public; Owner: postgres
--

ALTER TABLE ONLY public.areas ALTER COLUMN id SET DEFAULT nextval('public.areas_id_seq'::regclass);


--
-- Name: asset_types id; Type: DEFAULT; Schema: public; Owner: postgres
--

ALTER TABLE ONLY public.asset_types ALTER COLUMN id SET DEFAULT nextval('public.asset_types_id_seq'::regclass);


--
-- Name: assets id; Type: DEFAULT; Schema: public; Owner: postgres
--

ALTER TABLE ONLY public.assets ALTER COLUMN id SET DEFAULT nextval('public.assets_id_seq'::regclass);


--
-- Name: audit_logs id; Type: DEFAULT; Schema: public; Owner: postgres
--

ALTER TABLE ONLY public.audit_logs ALTER COLUMN id SET DEFAULT nextval('public.audit_logs_id_seq'::regclass);


--
-- Name: inventory_movements id; Type: DEFAULT; Schema: public; Owner: postgres
--

ALTER TABLE ONLY public.inventory_movements ALTER COLUMN id SET DEFAULT nextval('public.inventory_movements_id_seq'::regclass);


--
-- Name: network_devices id; Type: DEFAULT; Schema: public; Owner: postgres
--

ALTER TABLE ONLY public.network_devices ALTER COLUMN id SET DEFAULT nextval('public.network_devices_id_seq'::regclass);


--
-- Name: network_topology id; Type: DEFAULT; Schema: public; Owner: postgres
--

ALTER TABLE ONLY public.network_topology ALTER COLUMN id SET DEFAULT nextval('public.network_topology_id_seq'::regclass);


--
-- Name: roles id; Type: DEFAULT; Schema: public; Owner: postgres
--

ALTER TABLE ONLY public.roles ALTER COLUMN id SET DEFAULT nextval('public.roles_id_seq'::regclass);


--
-- Name: users id; Type: DEFAULT; Schema: public; Owner: postgres
--

ALTER TABLE ONLY public.users ALTER COLUMN id SET DEFAULT nextval('public.users_id_seq'::regclass);


--
-- Data for Name: account; Type: TABLE DATA; Schema: neon_auth; Owner: neon_auth
--

COPY neon_auth.account (id, "accountId", "providerId", "userId", "accessToken", "refreshToken", "idToken", "accessTokenExpiresAt", "refreshTokenExpiresAt", scope, password, "createdAt", "updatedAt") FROM stdin;
\.


--
-- Data for Name: invitation; Type: TABLE DATA; Schema: neon_auth; Owner: neon_auth
--

COPY neon_auth.invitation (id, "organizationId", email, role, status, "expiresAt", "createdAt", "inviterId") FROM stdin;
\.


--
-- Data for Name: jwks; Type: TABLE DATA; Schema: neon_auth; Owner: neon_auth
--

COPY neon_auth.jwks (id, "publicKey", "privateKey", "createdAt", "expiresAt") FROM stdin;
\.


--
-- Data for Name: member; Type: TABLE DATA; Schema: neon_auth; Owner: neon_auth
--

COPY neon_auth.member (id, "organizationId", "userId", role, "createdAt") FROM stdin;
\.


--
-- Data for Name: organization; Type: TABLE DATA; Schema: neon_auth; Owner: neon_auth
--

COPY neon_auth.organization (id, name, slug, logo, "createdAt", metadata) FROM stdin;
\.


--
-- Data for Name: project_config; Type: TABLE DATA; Schema: neon_auth; Owner: neon_auth
--

COPY neon_auth.project_config (id, name, endpoint_id, created_at, updated_at, trusted_origins, social_providers, email_provider, email_and_password, allow_localhost, plugin_configs, webhook_config) FROM stdin;
d448a6af-61c3-428b-b248-d448a949ae98	Proyecto_grado	ep-morning-silence-ap41ngsf	2026-05-30 19:33:08.503+00	2026-05-30 19:33:08.503+00	[]	[{"id": "google", "isShared": true}]	{"type": "shared"}	{"enabled": true, "disableSignUp": false, "emailVerificationMethod": "otp", "requireEmailVerification": false, "autoSignInAfterVerification": true, "sendVerificationEmailOnSignIn": false, "sendVerificationEmailOnSignUp": false}	t	{"magicLink": {"config": {"expiresIn": 5, "disableSignUp": false}, "enabled": false}, "phoneNumber": {"config": {"otp_expires_in": 300}, "enabled": false}, "organization": {"config": {"creatorRole": "owner", "membershipLimit": 100, "organizationLimit": 10, "sendInvitationEmail": false}, "enabled": true}}	{"enabled": false, "enabledEvents": [], "timeoutSeconds": 5}
\.


--
-- Data for Name: session; Type: TABLE DATA; Schema: neon_auth; Owner: neon_auth
--

COPY neon_auth.session (id, "expiresAt", token, "createdAt", "updatedAt", "ipAddress", "userAgent", "userId", "impersonatedBy", "activeOrganizationId") FROM stdin;
\.


--
-- Data for Name: user; Type: TABLE DATA; Schema: neon_auth; Owner: neon_auth
--

COPY neon_auth."user" (id, name, email, "emailVerified", image, "createdAt", "updatedAt", role, banned, "banReason", "banExpires") FROM stdin;
\.


--
-- Data for Name: verification; Type: TABLE DATA; Schema: neon_auth; Owner: neon_auth
--

COPY neon_auth.verification (id, identifier, value, "expiresAt", "createdAt", "updatedAt") FROM stdin;
\.


--
-- Data for Name: areas; Type: TABLE DATA; Schema: public; Owner: postgres
--

COPY public.areas (id, name, description, location, floor, building, responsible_id, is_active, created_at, updated_at) FROM stdin;
1	Sala de Sistemas 1	Laboratorio de informâ”śĂ­tica piso 1	Piso 1	\N	Bloque A	\N	t	2026-04-17 15:56:47.371823	2026-04-17 15:56:47.371823
2	Sala de Sistemas 2	Laboratorio de informâ”śĂ­tica piso 2	Piso 2	\N	Bloque A	\N	t	2026-04-17 15:56:47.371823	2026-04-17 15:56:47.371823
4	Data Center	Centro de datos principal	Sâ”śâ”‚tano	\N	Bloque B	\N	t	2026-04-17 15:56:47.371823	2026-04-17 15:56:47.371823
5	Direcciâ”śâ”‚n Acadâ”śÂ®mica	Oficinas de direcciâ”śâ”‚n acadâ”śÂ®mica	Piso 4	\N	Bloque C	\N	t	2026-04-17 15:56:47.371823	2026-04-17 15:56:47.371823
6	Rectorâ”śÂˇa	Oficina de rectorâ”śÂˇa	Piso 5	\N	Bloque C	\N	t	2026-04-17 15:56:47.371823	2026-04-17 15:56:47.371823
7	Biblioteca	Biblioteca y sala de consulta	Piso 1	\N	Bloque D	\N	t	2026-04-17 15:56:47.371823	2026-04-17 15:56:47.371823
8	Sala de Profesores	â”śĂĽrea de profesores y preparaciâ”śâ”‚n	Piso 2	\N	Bloque D	\N	t	2026-04-17 15:56:47.371823	2026-04-17 15:56:47.371823
9	Bienestar Universitario	â”śĂĽrea de bienestar estudiantil	Piso 1	\N	Bloque E	\N	t	2026-04-17 15:56:47.371823	2026-04-17 15:56:47.371823
10	Almacâ”śÂ®n TI	Bodega y almacâ”śÂ®n de equipos	Sâ”śâ”‚tano	\N	Bloque A	\N	t	2026-04-17 15:56:47.371823	2026-06-01 15:04:52.189443
12	Bodega 2A1	Bodega 2A1	2	\N	A	\N	t	2026-06-03 13:09:39.878755	2026-06-03 13:11:50.091194
13	2C1	CUARTO TECNICO	2	\N	C	\N	t	2026-06-03 13:12:56.815759	2026-06-03 13:12:56.815761
14	Oficina Redes	â”śĂĽrea de Redes y Comunicaciones 	2	\N	B	\N	t	2026-06-03 16:15:16.85222	2026-06-03 16:18:26.526142
3	Coordinaciâ”śâ”‚n de Telecomunicaciones	â”śĂĽrea administrativa Telecomunicaciones	Piso 3	\N	Bloque B	\N	t	2026-04-17 15:56:47.371823	2026-06-10 16:25:32.429362
15	Coordinaciâ”śâ”‚n Sistemas	â”śĂĽrea administrativa Telecomunicaciones	2	\N	c	\N	t	2026-06-10 16:24:37.625296	2026-06-10 16:25:42.5396
11	Sin asignar	Este equipo no cuenta con informaciâ”śâ”‚n de asignaciâ”śâ”‚n	1-7	\N	Todo	\N	t	2026-06-02 22:08:52.178349	2026-06-19 11:50:11.313672
\.


--
-- Data for Name: asset_types; Type: TABLE DATA; Schema: public; Owner: postgres
--

COPY public.asset_types (id, name, description, category, created_at) FROM stdin;
1	Monitor	Monitor de escritorio o pantalla	TECNOLOGIA	2026-05-30 08:44:16.936182
2	Switch	Equipo de conmutaciâ”śâ”‚n de red	TECNOLOGIA	2026-05-30 08:44:16.936182
3	Câ”śĂ­mara IP Domo	Câ”śĂ­mara de seguridad tipo domo IP	SEGURIDAD	2026-05-30 08:44:16.936182
4	Câ”śĂ­mara IP Bala	Câ”śĂ­mara de seguridad tipo bala IP	SEGURIDAD	2026-05-30 08:44:16.936182
5	Câ”śĂ­mara PTZ	Câ”śĂ­mara IP pan-tilt-zoom	SEGURIDAD	2026-05-30 08:44:16.936182
6	Grabador NVR	Grabador de video en red	SEGURIDAD	2026-05-30 08:44:16.936182
7	Patch Panel	Panel de conexiones de red	TECNOLOGIA	2026-05-30 08:44:16.936182
8	Telâ”śÂ®fono IP	Telâ”śÂ®fono sobre protocolo IP	TECNOLOGIA	2026-05-30 08:44:16.936182
9	Probador de Red	Equipo para prueba y certificaciâ”śâ”‚n de redes	TECNOLOGIA	2026-05-30 08:44:16.936182
10	UPS	Sistema de alimentaciâ”śâ”‚n ininterrumpida	TECNOLOGIA	2026-05-30 08:44:16.936182
11	Router	Equipo de enrutamiento de red	TECNOLOGIA	2026-05-30 08:44:16.936182
12	Rack	Bastidor o rack para equipos	INFRAESTRUCTURA	2026-05-30 08:44:16.936182
13	Mobiliario	Muebles y elementos de oficina	MOBILIARIO	2026-05-30 08:44:16.936182
14	Computador Escritorio	Equipo de câ”śâ”‚mputo de escritorio	TECNOLOGIA	2026-05-30 08:44:16.936182
15	Portâ”śĂ­til / Impresora	Computador portâ”śĂ­til o impresora	TECNOLOGIA	2026-05-30 08:44:16.936182
16	Servidor / Chasis	Servidor o chasis blade	TECNOLOGIA	2026-05-30 08:44:16.936182
17	Estabilizador	Regulador o estabilizador de voltaje	TECNOLOGIA	2026-05-30 08:44:16.936182
18	Teclado / Perifâ”śÂ®rico	Teclado, mouse y perifâ”śÂ®ricos	TECNOLOGIA	2026-05-30 08:44:16.936182
19	Conmutador / Estante	Conmutador administrable o estante metâ”śĂ­lico	INFRAESTRUCTURA	2026-05-30 08:44:16.936182
20	Bandeja de Fibra	Bandeja de conectorizacion de fibra â”śâ”‚ptica	INFRAESTRUCTURA	2026-05-30 08:44:16.936182
21	Extintor / Botiquâ”śÂˇn	Elemento de seguridad y primeros auxilios	SEGURIDAD	2026-05-30 08:44:16.936182
22	Herramienta	Herramientas y equipos de trabajo	HERRAMIENTAS	2026-05-30 08:44:16.936182
23	Escalera	Escalera de aluminio	HERRAMIENTAS	2026-05-30 08:44:16.936182
24	CPU	Unidad central de procesamiento	TECNOLOGIA	2026-05-30 08:44:16.936182
25	Regleta	Regleta de alimentaciâ”śâ”‚n para rack	INFRAESTRUCTURA	2026-05-30 08:44:16.936182
\.


--
-- Data for Name: assets; Type: TABLE DATA; Schema: public; Owner: postgres
--

COPY public.assets (id, name, brand, model, serial_number, codigo, status, purchase_date, purchase_price, warranty_expiry, specifications, notes, asset_type_id, area_id, assigned_user_id, created_by, created_at, updated_at) FROM stdin;
57	Câ”śĂ­mara IP Domo 2MPX Dahua	DAHUA	IPC-HDWB 1200EN	1C03532PAF00078	2-07-A59321	ACTIVE	\N	\N	\N	Câ”śĂ­mara IP Domo metâ”śĂ­lica 2MPX Dahua IPC-HDWB 1200EN. Contrato compraventa Nâ”¬â–‘ 001704-16		3	11	3	\N	2026-05-30 08:44:16.936182	2026-06-19 11:59:06.149328
1	Monitor 24"				2-07-A48284	LOST	\N	\N	\N	Monitor de 24 pulgadas		1	11	3	\N	2026-05-30 08:44:16.936182	2026-06-30 21:05:01.760288
3	Patch Panel 24P Cat6A Blindado			2	2-07-A58047	ACTIVE	\N	\N	\N	Patch Panel 24 puertos Cat. 6A Blindado		7	13	3	\N	2026-05-30 08:44:16.936182	2026-06-19 11:50:29.636377
5	Switch 24P TP-Link TL-SG1024	TP-LINK	TL-SG1024	2152120000447	2-07-A59246	ACTIVE	\N	\N	\N	Switch 24 puertos 10/100/1000 TP-Link TL-SG1024. Contrato compraventa Nâ”¬â–‘ 001704-16		2	13	3	\N	2026-05-30 08:44:16.936182	2026-06-19 11:50:35.322774
9	Switch 24P TP-Link TL-SG1024	TP-LINK	TL-SG1024	2152120000418	2-07-A59251	ACTIVE	\N	\N	\N	Switch 24 puertos 10/100/1000 TP-Link TL-SG1024. Contrato compraventa Nâ”¬â–‘ 001704-16	prueba	2	13	3	\N	2026-05-30 08:44:16.936182	2026-06-19 11:50:38.320677
6	Switch 24P TP-Link TL-SG1024	TP-LINK	TL-SG1024	2152120000364	2-07-A59247	ACTIVE	\N	\N	\N	Switch 24 puertos 10/100/1000 TP-Link TL-SG1024. Contrato compraventa Nâ”¬â–‘ 001704-16		2	11	3	\N	2026-05-30 08:44:16.936182	2026-06-19 11:51:01.854121
11	Câ”śĂ­mara IP Domo 2MPX Dahua	DAHUA	IPC-HDWB 1200EN	IE02710PAX00096	2-07-A59253	ACTIVE	\N	\N	\N	Câ”śĂ­mara IP Domo metâ”śĂ­lica 2MPX Dahua IPC-HDWB 1200EN. Contrato compraventa Nâ”¬â–‘ 001704-16		3	11	3	\N	2026-05-30 08:44:16.936182	2026-06-19 11:53:56.90512
12	Câ”śĂ­mara IP Domo 2MPX Dahua	DAHUA	IPC-HDWB 1200EN	IE02710PAX00056	2-07-A59254	ACTIVE	\N	\N	\N	Câ”śĂ­mara IP Domo metâ”śĂ­lica 2MPX Dahua IPC-HDWB 1200EN. Contrato compraventa Nâ”¬â–‘ 001704-16	Ok	3	11	3	\N	2026-05-30 08:44:16.936182	2026-06-19 11:54:02.434872
14	Câ”śĂ­mara IP Domo 2MPX Dahua	DAHUA	IPC-HDWB 1200EN	IE02710PAX00051	2-07-A59256	ACTIVE	\N	\N	\N	Câ”śĂ­mara IP Domo metâ”śĂ­lica 2MPX Dahua IPC-HDWB 1200EN. Contrato compraventa Nâ”¬â–‘ 001704-16		3	11	3	\N	2026-05-30 08:44:16.936182	2026-06-19 11:54:08.164044
18	Câ”śĂ­mara IP Domo 2MPX Dahua	DAHUA	IPC-HDWB 1200EN	1D02564PAF00195	2-07-A59260	ACTIVE	\N	\N	\N	Câ”śĂ­mara IP Domo metâ”śĂ­lica 2MPX Dahua IPC-HDWB 1200EN. Contrato compraventa Nâ”¬â–‘ 001704-16		3	11	3	\N	2026-05-30 08:44:16.936182	2026-06-19 11:54:13.400924
15	Câ”śĂ­mara IP Domo 2MPX Dahua	DAHUA	IPC-HDWB 1200EN	IE02710PAX00072	2-07-A59257	ACTIVE	\N	\N	\N	Câ”śĂ­mara IP Domo metâ”śĂ­lica 2MPX Dahua IPC-HDWB 1200EN. Contrato compraventa Nâ”¬â–‘ 001704-16		3	11	3	\N	2026-05-30 08:44:16.936182	2026-06-19 11:54:18.258515
13	Câ”śĂ­mara IP Domo 2MPX Dahua	DAHUA	IPC-HDWB 1200EN	IE02710PAX00040	2-07-A59255	ACTIVE	\N	\N	\N	Câ”śĂ­mara IP Domo metâ”śĂ­lica 2MPX Dahua IPC-HDWB 1200EN. Contrato compraventa Nâ”¬â–‘ 001704-16		3	11	3	\N	2026-05-30 08:44:16.936182	2026-06-19 11:54:22.242966
17	Câ”śĂ­mara IP Domo 2MPX Dahua	DAHUA	IPC-HDWB 1200EN	IE02710PAX00008	2-07-A59259	ACTIVE	\N	\N	\N	Câ”śĂ­mara IP Domo metâ”śĂ­lica 2MPX Dahua IPC-HDWB 1200EN. Contrato compraventa Nâ”¬â–‘ 001704-16		3	11	3	\N	2026-05-30 08:44:16.936182	2026-06-19 11:54:26.855514
19	Câ”śĂ­mara IP Domo 2MPX Dahua	DAHUA	IPC-HDWB 1200EN	1D02564PAF00001	2-07-A59261	ACTIVE	\N	\N	\N	Câ”śĂ­mara IP Domo metâ”śĂ­lica 2MPX Dahua IPC-HDWB 1200EN. Contrato compraventa Nâ”¬â–‘ 001704-16		3	11	3	\N	2026-05-30 08:44:16.936182	2026-06-19 11:54:30.704522
20	Câ”śĂ­mara IP Domo 2MPX Dahua	DAHUA	IPC-HDWB 1200EN	1D02564PAF00162	2-07-A59264	ACTIVE	\N	\N	\N	Câ”śĂ­mara IP Domo metâ”śĂ­lica 2MPX Dahua IPC-HDWB 1200EN. Contrato compraventa Nâ”¬â–‘ 001704-16		3	11	3	\N	2026-05-30 08:44:16.936182	2026-06-19 11:54:35.40348
21	Câ”śĂ­mara IP Domo 2MPX Dahua	DAHUA	IPC-HDWB 1200EN	1D02564PAF00048	2-07-A59269	ACTIVE	\N	\N	\N	Câ”śĂ­mara IP Domo metâ”śĂ­lica 2MPX Dahua IPC-HDWB 1200EN. Contrato compraventa Nâ”¬â–‘ 001704-16		3	11	3	\N	2026-05-30 08:44:16.936182	2026-06-19 11:54:39.980174
22	Câ”śĂ­mara IP Domo 2MPX Dahua	DAHUA	IPC-HDWB 1200EN	IE02710PAX00011	2-07-A59270	ACTIVE	\N	\N	\N	Câ”śĂ­mara IP Domo metâ”śĂ­lica 2MPX Dahua IPC-HDWB 1200EN. Contrato compraventa Nâ”¬â–‘ 001704-16		3	11	3	\N	2026-05-30 08:44:16.936182	2026-06-19 11:54:43.500692
23	Câ”śĂ­mara IP Domo 2MPX Dahua	DAHUA	IPC-HDWB 1200EN	IE02710PAX00042	2-07-A59272	ACTIVE	\N	\N	\N	Câ”śĂ­mara IP Domo metâ”śĂ­lica 2MPX Dahua IPC-HDWB 1200EN. Contrato compraventa Nâ”¬â–‘ 001704-16		3	11	3	\N	2026-05-30 08:44:16.936182	2026-06-19 11:54:47.402404
24	Câ”śĂ­mara IP Domo 2MPX Dahua	DAHUA	IPC-HDWB 1200EN	1D02564PAF00052	2-07-A59274	ACTIVE	\N	\N	\N	Câ”śĂ­mara IP Domo metâ”śĂ­lica 2MPX Dahua IPC-HDWB 1200EN. Contrato compraventa Nâ”¬â–‘ 001704-16		3	11	3	\N	2026-05-30 08:44:16.936182	2026-06-19 11:54:51.664046
25	Câ”śĂ­mara IP Domo 2MPX Dahua	DAHUA	IPC-HDWB 1200EN	IE02710PAX00033	2-07-A59275	ACTIVE	\N	\N	\N	Câ”śĂ­mara IP Domo metâ”śĂ­lica 2MPX Dahua IPC-HDWB 1200EN. Contrato compraventa Nâ”¬â–‘ 001704-16		3	11	3	\N	2026-05-30 08:44:16.936182	2026-06-19 11:54:56.50589
26	Câ”śĂ­mara IP Domo 2MPX Dahua	DAHUA	IPC-HDWB 1200EN	IE02710PAX00045	2-07-A59276	ACTIVE	\N	\N	\N	Câ”śĂ­mara IP Domo metâ”śĂ­lica 2MPX Dahua IPC-HDWB 1200EN. Contrato compraventa Nâ”¬â–‘ 001704-16		3	11	3	\N	2026-05-30 08:44:16.936182	2026-06-19 11:54:59.881705
28	Câ”śĂ­mara IP Domo 2MPX Dahua	DAHUA	IPC-HDWB 1200EN	IE02710PAX00017	2-07-A59278	ACTIVE	\N	\N	\N	Câ”śĂ­mara IP Domo metâ”śĂ­lica 2MPX Dahua IPC-HDWB 1200EN. Contrato compraventa Nâ”¬â–‘ 001704-16		3	11	3	\N	2026-05-30 08:44:16.936182	2026-06-19 11:55:03.582095
29	Câ”śĂ­mara IP Domo 2MPX Dahua	DAHUA	IPC-HDWB 1200EN	IE02710PAX00025	2-07-A59280	ACTIVE	\N	\N	\N	Câ”śĂ­mara IP Domo metâ”śĂ­lica 2MPX Dahua IPC-HDWB 1200EN. Contrato compraventa Nâ”¬â–‘ 001704-16		3	11	3	\N	2026-05-30 08:44:16.936182	2026-06-19 11:55:07.287327
30	Câ”śĂ­mara IP Domo 2MPX Dahua	DAHUA	IPC-HDWB 1200EN	IE02710PAX00088	2-07-A59281	ACTIVE	\N	\N	\N	Câ”śĂ­mara IP Domo metâ”śĂ­lica 2MPX Dahua IPC-HDWB 1200EN. Contrato compraventa Nâ”¬â–‘ 001704-16		3	11	3	\N	2026-05-30 08:44:16.936182	2026-06-19 11:55:11.616726
31	Câ”śĂ­mara IP Domo 2MPX Dahua	DAHUA	IPC-HDWB 1200EN	IE02710PAX00038	2-07-A59282	ACTIVE	\N	\N	\N	Câ”śĂ­mara IP Domo metâ”śĂ­lica 2MPX Dahua IPC-HDWB 1200EN. Contrato compraventa Nâ”¬â–‘ 001704-16		3	11	3	\N	2026-05-30 08:44:16.936182	2026-06-19 11:55:15.681589
32	Câ”śĂ­mara IP Domo 2MPX Dahua	DAHUA	IPC-HDWB 1200EN	IE02710PAX00064	2-07-A59283	ACTIVE	\N	\N	\N	Câ”śĂ­mara IP Domo metâ”śĂ­lica 2MPX Dahua IPC-HDWB 1200EN. Contrato compraventa Nâ”¬â–‘ 001704-16		3	11	3	\N	2026-05-30 08:44:16.936182	2026-06-19 11:55:20.500628
33	Câ”śĂ­mara IP Domo 2MPX Dahua	DAHUA	IPC-HDWB 1200EN	IE02710PAX00065	2-07-A59284	ACTIVE	\N	\N	\N	Câ”śĂ­mara IP Domo metâ”śĂ­lica 2MPX Dahua IPC-HDWB 1200EN. Contrato compraventa Nâ”¬â–‘ 001704-16		3	11	3	\N	2026-05-30 08:44:16.936182	2026-06-19 11:55:24.595254
34	Câ”śĂ­mara IP Domo 2MPX Dahua	DAHUA	IPC-HDWB 1200EN	IE02710PAX00067	2-07-A59285	ACTIVE	\N	\N	\N	Câ”śĂ­mara IP Domo metâ”śĂ­lica 2MPX Dahua IPC-HDWB 1200EN. Contrato compraventa Nâ”¬â–‘ 001704-16		3	11	3	\N	2026-05-30 08:44:16.936182	2026-06-19 11:55:28.834752
35	Câ”śĂ­mara IP Domo 2MPX Dahua	DAHUA	IPC-HDWB 1200EN	IE02710PAX00083	2-07-A59286	ACTIVE	\N	\N	\N	Câ”śĂ­mara IP Domo metâ”śĂ­lica 2MPX Dahua IPC-HDWB 1200EN. Contrato compraventa Nâ”¬â–‘ 001704-16		3	11	3	\N	2026-05-30 08:44:16.936182	2026-06-19 11:55:32.403193
189	Archivador Superior			495	2-18-A13117	ACTIVE	\N	\N	\N	Archivador superior L 0.75 mts		13	11	3	\N	2026-05-30 08:44:16.936182	2026-06-19 11:55:37.348881
49	Câ”śĂ­mara IP Domo 2MPX Dahua	DAHUA	IPC-HDWB 1200EN	1D02564PAF00046	2-07-A59307	ACTIVE	\N	\N	\N	Câ”śĂ­mara IP Domo metâ”śĂ­lica 2MPX Dahua IPC-HDWB 1200EN. Contrato compraventa Nâ”¬â–‘ 001704-16		3	11	3	\N	2026-05-30 08:44:16.936182	2026-06-19 11:57:58.460367
50	Câ”śĂ­mara IP Domo 2MPX Dahua	DAHUA	IPC-HDWB 1200EN	1D02564PAF00054	2-07-A59308	ACTIVE	\N	\N	\N	Câ”śĂ­mara IP Domo metâ”śĂ­lica 2MPX Dahua IPC-HDWB 1200EN. Contrato compraventa Nâ”¬â–‘ 001704-16		3	11	3	\N	2026-05-30 08:44:16.936182	2026-06-19 11:58:07.796661
51	Câ”śĂ­mara IP Domo 2MPX Dahua	DAHUA	IPC-HDWB 1200EN	1D02564PAF00094	2-07-A59309	ACTIVE	\N	\N	\N	Câ”śĂ­mara IP Domo metâ”śĂ­lica 2MPX Dahua IPC-HDWB 1200EN. Contrato compraventa Nâ”¬â–‘ 001704-16		3	11	3	\N	2026-05-30 08:44:16.936182	2026-06-19 11:58:16.645548
52	Câ”śĂ­mara IP Domo 2MPX Dahua	DAHUA	IPC-HDWB 1200EN	1D02564PAF00032	2-07-A59312	ACTIVE	\N	\N	\N	Câ”śĂ­mara IP Domo metâ”śĂ­lica 2MPX Dahua IPC-HDWB 1200EN. Contrato compraventa Nâ”¬â–‘ 001704-16		3	11	3	\N	2026-05-30 08:44:16.936182	2026-06-19 11:58:26.781104
54	Câ”śĂ­mara IP Domo 2MPX Dahua	DAHUA	IPC-HDWB 1200EN	1D02564PAF00127	2-07-A59315	ACTIVE	\N	\N	\N	Câ”śĂ­mara IP Domo metâ”śĂ­lica 2MPX Dahua IPC-HDWB 1200EN. Contrato compraventa Nâ”¬â–‘ 001704-16		3	11	3	\N	2026-05-30 08:44:16.936182	2026-06-19 11:58:35.509718
55	Câ”śĂ­mara IP Domo 2MPX Dahua	DAHUA	IPC-HDWB 1200EN	1D02564PAF00068	2-07-A59317	ACTIVE	\N	\N	\N	Câ”śĂ­mara IP Domo metâ”śĂ­lica 2MPX Dahua IPC-HDWB 1200EN. Contrato compraventa Nâ”¬â–‘ 001704-16		3	11	3	\N	2026-05-30 08:44:16.936182	2026-06-19 11:58:46.761951
56	Câ”śĂ­mara IP Domo 2MPX Dahua	DAHUA	IPC-HDWB 1200EN	1D02564PAF00179	2-07-A59320	ACTIVE	\N	\N	\N	Câ”śĂ­mara IP Domo metâ”śĂ­lica 2MPX Dahua IPC-HDWB 1200EN. Contrato compraventa Nâ”¬â–‘ 001704-16		3	11	3	\N	2026-05-30 08:44:16.936182	2026-06-19 11:58:56.651782
58	Câ”śĂ­mara IP Domo 2MPX Dahua	DAHUA	IPC-HDWB 1200EN	1C03532PAF00055	2-07-A59322	ACTIVE	\N	\N	\N	Câ”śĂ­mara IP Domo metâ”śĂ­lica 2MPX Dahua IPC-HDWB 1200EN. Contrato compraventa Nâ”¬â–‘ 001704-16		3	11	3	\N	2026-05-30 08:44:16.936182	2026-06-19 11:59:15.884265
59	Câ”śĂ­mara IP Domo 2MPX Dahua	DAHUA	IPC-HDWB 1200EN	1C03532PAF00030	2-07-A59323	ACTIVE	\N	\N	\N	Câ”śĂ­mara IP Domo metâ”śĂ­lica 2MPX Dahua IPC-HDWB 1200EN. Contrato compraventa Nâ”¬â–‘ 001704-16		3	11	3	\N	2026-05-30 08:44:16.936182	2026-06-19 11:59:25.587868
60	Câ”śĂ­mara IP Domo 2MPX Dahua	DAHUA	IPC-HDWB 1200EN	1C03532PAF00044	2-07-A59324	ACTIVE	\N	\N	\N	Câ”śĂ­mara IP Domo metâ”śĂ­lica 2MPX Dahua IPC-HDWB 1200EN. Contrato compraventa Nâ”¬â–‘ 001704-16		3	11	3	\N	2026-05-30 08:44:16.936182	2026-06-19 11:59:34.684613
61	Câ”śĂ­mara IP Domo 2MPX Dahua	DAHUA	IPC-HDWB 1200EN	1C03532PAF00094	2-07-A59325	ACTIVE	\N	\N	\N	Câ”śĂ­mara IP Domo metâ”śĂ­lica 2MPX Dahua IPC-HDWB 1200EN. Contrato compraventa Nâ”¬â–‘ 001704-16		3	11	3	\N	2026-05-30 08:44:16.936182	2026-06-19 11:59:43.398893
62	Câ”śĂ­mara IP Domo 2MPX Dahua	DAHUA	IPC-HDWB 1200EN	1C03532PAF00093	2-07-A59326	ACTIVE	\N	\N	\N	Câ”śĂ­mara IP Domo metâ”śĂ­lica 2MPX Dahua IPC-HDWB 1200EN. Contrato compraventa Nâ”¬â–‘ 001704-16		3	11	3	\N	2026-05-30 08:44:16.936182	2026-06-19 11:59:51.554638
63	Câ”śĂ­mara IP Bala 2MPX Dahua	DAHUA	IPS-HFW 1200SN	1F01413PAU00086	2-07-A59331	ACTIVE	\N	\N	\N	Câ”śĂ­mara IP Bala metâ”śĂ­lica 2MPX Dahua IPS-HFW 1200SN. Contrato compraventa Nâ”¬â–‘ 001704-16		4	11	3	\N	2026-05-30 08:44:16.936182	2026-06-19 11:59:59.847171
64	Câ”śĂ­mara IP Bala 2MPX Dahua	DAHUA	IPS-HFW 1200SN	1F01413PAU00103	2-07-A59333	ACTIVE	\N	\N	\N	Câ”śĂ­mara IP Bala metâ”śĂ­lica 2MPX Dahua IPS-HFW 1200SN. Contrato compraventa Nâ”¬â–‘ 001704-16		4	11	3	\N	2026-05-30 08:44:16.936182	2026-06-19 12:00:10.196487
36	Câ”śĂ­mara IP Domo 2MPX Dahua	DAHUA	IPC-HDWB 1200EN	IE02710PAX00030	2-07-A59287	ACTIVE	\N	\N	\N	Câ”śĂ­mara IP Domo metâ”śĂ­lica 2MPX Dahua IPC-HDWB 1200EN. Contrato compraventa Nâ”¬â–‘ 001704-16		3	11	3	\N	2026-05-30 08:44:16.936182	2026-06-19 11:51:27.322682
37	Câ”śĂ­mara IP Domo 2MPX Dahua	DAHUA	IPC-HDWB 1200EN	IE02710PAX00050	2-07-A59288	ACTIVE	\N	\N	\N	Câ”śĂ­mara IP Domo metâ”śĂ­lica 2MPX Dahua IPC-HDWB 1200EN. Contrato compraventa Nâ”¬â–‘ 001704-16		3	11	3	\N	2026-05-30 08:44:16.936182	2026-06-19 11:55:48.598344
38	Câ”śĂ­mara IP Domo 2MPX Dahua	DAHUA	IPC-HDWB 1200EN	IE02710PAX00086	2-07-A59289	ACTIVE	\N	\N	\N	Câ”śĂ­mara IP Domo metâ”śĂ­lica 2MPX Dahua IPC-HDWB 1200EN. Contrato compraventa Nâ”¬â–‘ 001704-16		3	11	3	\N	2026-05-30 08:44:16.936182	2026-06-19 11:55:59.951931
39	Câ”śĂ­mara IP Domo 2MPX Dahua	DAHUA	IPC-HDWB 1200EN	1D02564PAF00130	2-07-A59290	ACTIVE	\N	\N	\N	Câ”śĂ­mara IP Domo metâ”śĂ­lica 2MPX Dahua IPC-HDWB 1200EN. Contrato compraventa Nâ”¬â–‘ 001704-16		3	11	3	\N	2026-05-30 08:44:16.936182	2026-06-19 11:56:13.046113
40	Câ”śĂ­mara IP Domo 2MPX Dahua	DAHUA	IPC-HDWB 1200EN	IE02710PAX00046	2-07-A59291	ACTIVE	\N	\N	\N	Câ”śĂ­mara IP Domo metâ”śĂ­lica 2MPX Dahua IPC-HDWB 1200EN. Contrato compraventa Nâ”¬â–‘ 001704-16		3	11	3	\N	2026-05-30 08:44:16.936182	2026-06-19 11:56:24.013163
42	Câ”śĂ­mara IP Domo 2MPX Dahua	DAHUA	IPC-HDWB 1200EN	1D02564PAF00013	2-07-A59293	ACTIVE	\N	\N	\N	Câ”śĂ­mara IP Domo metâ”śĂ­lica 2MPX Dahua IPC-HDWB 1200EN. Contrato compraventa Nâ”¬â–‘ 001704-16		3	11	3	\N	2026-05-30 08:44:16.936182	2026-06-19 11:56:45.521617
43	Câ”śĂ­mara IP Domo 2MPX Dahua	DAHUA	IPC-HDWB 1200EN	1D02564PAF00084	2-07-A59295	ACTIVE	\N	\N	\N	Câ”śĂ­mara IP Domo metâ”śĂ­lica 2MPX Dahua IPC-HDWB 1200EN. Contrato compraventa Nâ”¬â–‘ 001704-16		3	11	3	\N	2026-05-30 08:44:16.936182	2026-06-19 11:57:00.256188
44	Câ”śĂ­mara IP Domo 2MPX Dahua	DAHUA	IPC-HDWB 1200EN	D02564PAF00007	2-07-A59297	ACTIVE	\N	\N	\N	Câ”śĂ­mara IP Domo metâ”śĂ­lica 2MPX Dahua IPC-HDWB 1200EN. Contrato compraventa Nâ”¬â–‘ 001704-16		3	11	3	\N	2026-05-30 08:44:16.936182	2026-06-19 11:57:10.577445
45	Câ”śĂ­mara IP Domo 2MPX Dahua	DAHUA	IPC-HDWB 1200EN	1D02564PAF00081	2-07-A59298	ACTIVE	\N	\N	\N	Câ”śĂ­mara IP Domo metâ”śĂ­lica 2MPX Dahua IPC-HDWB 1200EN. Contrato compraventa Nâ”¬â–‘ 001704-16		3	11	3	\N	2026-05-30 08:44:16.936182	2026-06-19 11:57:19.177187
46	Câ”śĂ­mara IP Domo 2MPX Dahua	DAHUA	IPC-HDWB 1200EN	1D02564PAF00060	2-07-A59299	ACTIVE	\N	\N	\N	Câ”śĂ­mara IP Domo metâ”śĂ­lica 2MPX Dahua IPC-HDWB 1200EN. Contrato compraventa Nâ”¬â–‘ 001704-16		3	11	3	\N	2026-05-30 08:44:16.936182	2026-06-19 11:57:29.947097
47	Câ”śĂ­mara IP Domo 2MPX Dahua	DAHUA	IPC-HDWB 1200EN	1D02564PAF00161	2-07-A59304	ACTIVE	\N	\N	\N	Câ”śĂ­mara IP Domo metâ”śĂ­lica 2MPX Dahua IPC-HDWB 1200EN. Contrato compraventa Nâ”¬â–‘ 001704-16		3	11	3	\N	2026-05-30 08:44:16.936182	2026-06-19 11:57:38.522539
48	Câ”śĂ­mara IP Domo 2MPX Dahua	DAHUA	IPC-HDWB 1200EN	1D02564PAF00091	2-07-A59306	ACTIVE	\N	\N	\N	Câ”śĂ­mara IP Domo metâ”śĂ­lica 2MPX Dahua IPC-HDWB 1200EN. Contrato compraventa Nâ”¬â–‘ 001704-16		3	11	3	\N	2026-05-30 08:44:16.936182	2026-06-19 11:57:48.436348
65	Câ”śĂ­mara IP Bala 2MPX Dahua	DAHUA	IPS-HFW 1200SN	1F01413PAU00095	2-07-A59334	ACTIVE	\N	\N	\N	Câ”śĂ­mara IP Bala metâ”śĂ­lica 2MPX Dahua IPS-HFW 1200SN. Contrato compraventa Nâ”¬â–‘ 001704-16		4	11	3	\N	2026-05-30 08:44:16.936182	2026-06-19 12:00:21.751806
66	Câ”śĂ­mara IP Bala 2MPX Dahua	DAHUA	IPS-HFW 1200SN	1C02F57PAU0134	2-07-A59335	ACTIVE	\N	\N	\N	Câ”śĂ­mara IP Bala metâ”śĂ­lica 2MPX Dahua IPS-HFW 1200SN. Contrato compraventa Nâ”¬â–‘ 001704-16		4	11	3	\N	2026-05-30 08:44:16.936182	2026-06-19 12:00:30.393477
67	Câ”śĂ­mara IP Bala 2MPX Dahua	DAHUA	IPS-HFW 1200SN	1F01413PAU00123	2-07-A59336	ACTIVE	\N	\N	\N	Câ”śĂ­mara IP Bala metâ”śĂ­lica 2MPX Dahua IPS-HFW 1200SN. Contrato compraventa Nâ”¬â–‘ 001704-16		4	11	3	\N	2026-05-30 08:44:16.936182	2026-06-19 12:00:39.219882
68	Câ”śĂ­mara IP Bala 2MPX Dahua	DAHUA	IPS-HFW 1200SN	1C02F57PAU00028	2-07-A59337	ACTIVE	\N	\N	\N	Câ”śĂ­mara IP Bala metâ”śĂ­lica 2MPX Dahua IPS-HFW 1200SN. Contrato compraventa Nâ”¬â–‘ 001704-16		4	11	3	\N	2026-05-30 08:44:16.936182	2026-06-19 12:00:47.790408
69	Câ”śĂ­mara IP Bala 2MPX Dahua	DAHUA	IPS-HFW 1200SN	1C02F57PAU00168	2-07-A59338	ACTIVE	\N	\N	\N	Câ”śĂ­mara IP Bala metâ”śĂ­lica 2MPX Dahua IPS-HFW 1200SN. Contrato compraventa Nâ”¬â–‘ 001704-16		4	11	3	\N	2026-05-30 08:44:16.936182	2026-06-19 12:01:29.169636
160	Patch Panel 24P Cat6A Blindado			2-07-A58046	2-07-A58046	ACTIVE	\N	\N	\N	Patch Panel 24 puertos Cat. 6A Blindado		7	11	3	\N	2026-05-30 08:44:16.936182	2026-06-19 12:28:06.526891
71	Câ”śĂ­mara IP Bala 2MPX Dahua	DAHUA	IPS-HFW 1200SN	1C02F57PAU00179	2-07-A59341	ACTIVE	\N	\N	\N	Câ”śĂ­mara IP Bala metâ”śĂ­lica 2MPX Dahua IPS-HFW 1200SN. Contrato compraventa Nâ”¬â–‘ 001704-16		4	11	3	\N	2026-05-30 08:44:16.936182	2026-06-19 12:13:44.728457
72	Câ”śĂ­mara IP Bala 2MPX Dahua	DAHUA	IPS-HFW 1200SN	1F01413PAU00102	2-07-A59342	ACTIVE	\N	\N	\N	Câ”śĂ­mara IP Bala metâ”śĂ­lica 2MPX Dahua IPS-HFW 1200SN. Contrato compraventa Nâ”¬â–‘ 001704-16		4	11	3	\N	2026-05-30 08:44:16.936182	2026-06-19 12:14:51.900846
242	Switch 48P			2-24-A48959	2-24-A48959	ACTIVE	\N	\N	\N	Switch X 48 puertos		2	11	3	\N	2026-05-30 08:44:16.936182	2026-06-19 12:16:16.564477
73	Câ”śĂ­mara IP Bala 2MPX Dahua	DAHUA	IPS-HFW 1200SN	1F01413PAU00139	2-07-A59343	ACTIVE	\N	\N	\N	Câ”śĂ­mara IP Bala metâ”śĂ­lica 2MPX Dahua IPS-HFW 1200SN. Contrato compraventa Nâ”¬â–‘ 001704-16		4	11	3	\N	2026-05-30 08:44:16.936182	2026-06-19 12:16:29.467607
101	Câ”śĂ­mara PTZ 2MPX Dahua	DAHUA	SD59220TN-HN	1F01066YAZ00012	2-07-A59377	ACTIVE	\N	\N	\N	Câ”śĂ­mara Ciber Domo PTZ 2MPX Dahua SD59220TN-HN. Contrato compraventa Nâ”¬â–‘ 001704-16		5	11	3	\N	2026-05-30 08:44:16.936182	2026-06-19 12:16:40.305423
100	Câ”śĂ­mara IP Bala 2MPX Dahua	DAHUA	IPS-HFW 1200SN	1C02F57PAU00030	2-07-A59375	ACTIVE	\N	\N	\N	Câ”śĂ­mara IP Bala metâ”śĂ­lica 2MPX Dahua IPS-HFW 1200SN. Contrato compraventa Nâ”¬â–‘ 001704-16		4	11	3	\N	2026-05-30 08:44:16.936182	2026-06-19 12:16:51.290568
99	Câ”śĂ­mara IP Bala 2MPX Dahua	DAHUA	IPS-HFW 1200SN	1E029A8PAU00168	2-07-A59374	ACTIVE	\N	\N	\N	Câ”śĂ­mara IP Bala metâ”śĂ­lica 2MPX Dahua IPS-HFW 1200SN. Contrato compraventa Nâ”¬â–‘ 001704-16		4	11	3	\N	2026-05-30 08:44:16.936182	2026-06-19 12:17:01.194492
98	Câ”śĂ­mara IP Bala 2MPX Dahua	DAHUA	IPS-HFW 1200SN	1E029A8PAU00360	2-07-A59373	ACTIVE	\N	\N	\N	Câ”śĂ­mara IP Bala metâ”śĂ­lica 2MPX Dahua IPS-HFW 1200SN. Contrato compraventa Nâ”¬â–‘ 001704-16		4	11	3	\N	2026-05-30 08:44:16.936182	2026-06-19 12:17:12.347934
97	Câ”śĂ­mara IP Bala 2MPX Dahua	DAHUA	IPS-HFW 1200SN	1E029A8PAU00305	2-07-A59372	ACTIVE	\N	\N	\N	Câ”śĂ­mara IP Bala metâ”śĂ­lica 2MPX Dahua IPS-HFW 1200SN. Contrato compraventa Nâ”¬â–‘ 001704-16		4	11	3	\N	2026-05-30 08:44:16.936182	2026-06-19 12:17:23.682125
96	Câ”śĂ­mara IP Bala 2MPX Dahua	DAHUA	IPS-HFW 1200SN	1E029A8PAU00235	2-07-A59371	ACTIVE	\N	\N	\N	Câ”śĂ­mara IP Bala metâ”śĂ­lica 2MPX Dahua IPS-HFW 1200SN. Contrato compraventa Nâ”¬â–‘ 001704-16		4	11	3	\N	2026-05-30 08:44:16.936182	2026-06-19 12:17:35.342835
95	Câ”śĂ­mara IP Bala 2MPX Dahua	DAHUA	IPS-HFW 1200SN	1E029A8PAU00112	2-07-A59368	ACTIVE	\N	\N	\N	Câ”śĂ­mara IP Bala metâ”śĂ­lica 2MPX Dahua IPS-HFW 1200SN. Contrato compraventa Nâ”¬â–‘ 001704-16		4	11	3	\N	2026-05-30 08:44:16.936182	2026-06-19 12:17:47.319101
93	Câ”śĂ­mara IP Bala 2MPX Dahua	DAHUA	IPS-HFW 1200SN	1E029A8PAU00086	2-07-A59366	ACTIVE	\N	\N	\N	Câ”śĂ­mara IP Bala metâ”śĂ­lica 2MPX Dahua IPS-HFW 1200SN. Contrato compraventa Nâ”¬â–‘ 001704-16		4	11	3	\N	2026-05-30 08:44:16.936182	2026-06-19 12:18:09.661618
92	Câ”śĂ­mara IP Bala 2MPX Dahua	DAHUA	IPS-HFW 1200SN	1E029A8PAU00293	2-07-A59365	ACTIVE	\N	\N	\N	Câ”śĂ­mara IP Bala metâ”śĂ­lica 2MPX Dahua IPS-HFW 1200SN. Contrato compraventa Nâ”¬â–‘ 001704-16		4	11	3	\N	2026-05-30 08:44:16.936182	2026-06-19 12:18:19.415833
91	Câ”śĂ­mara IP Bala 2MPX Dahua	DAHUA	IPS-HFW 1200SN	1E029A8PAU00083	2-07-A59364	ACTIVE	\N	\N	\N	Câ”śĂ­mara IP Bala metâ”śĂ­lica 2MPX Dahua IPS-HFW 1200SN. Contrato compraventa Nâ”¬â–‘ 001704-16		4	11	3	\N	2026-05-30 08:44:16.936182	2026-06-19 12:18:29.591727
90	Câ”śĂ­mara IP Bala 2MPX Dahua	DAHUA	IPS-HFW 1200SN	1E029A8PAU00167	2-07-A59363	ACTIVE	\N	\N	\N	Câ”śĂ­mara IP Bala metâ”śĂ­lica 2MPX Dahua IPS-HFW 1200SN. Contrato compraventa Nâ”¬â–‘ 001704-16		4	11	3	\N	2026-05-30 08:44:16.936182	2026-06-19 12:18:39.328078
89	Câ”śĂ­mara IP Bala 2MPX Dahua	DAHUA	IPS-HFW 1200SN	1E029A8PAU00079	2-07-A59362	ACTIVE	\N	\N	\N	Câ”śĂ­mara IP Bala metâ”śĂ­lica 2MPX Dahua IPS-HFW 1200SN. Contrato compraventa Nâ”¬â–‘ 001704-16		4	11	3	\N	2026-05-30 08:44:16.936182	2026-06-19 12:18:49.3196
88	Câ”śĂ­mara IP Bala 2MPX Dahua	DAHUA	IPS-HFW 1200SN	1E029A8PAU00277	2-07-A59361	ACTIVE	\N	\N	\N	Câ”śĂ­mara IP Bala metâ”śĂ­lica 2MPX Dahua IPS-HFW 1200SN. Contrato compraventa Nâ”¬â–‘ 001704-16		4	11	3	\N	2026-05-30 08:44:16.936182	2026-06-19 12:19:00.019864
87	Câ”śĂ­mara IP Bala 2MPX Dahua	DAHUA	IPS-HFW 1200SN	1E029A8PAU00082	2-07-A59360	ACTIVE	\N	\N	\N	Câ”śĂ­mara IP Bala metâ”śĂ­lica 2MPX Dahua IPS-HFW 1200SN. Contrato compraventa Nâ”¬â–‘ 001704-16		4	11	3	\N	2026-05-30 08:44:16.936182	2026-06-19 12:19:10.904654
86	Câ”śĂ­mara IP Bala 2MPX Dahua	DAHUA	IPS-HFW 1200SN	1E029A8PAU00071	2-07-A59359	ACTIVE	\N	\N	\N	Câ”śĂ­mara IP Bala metâ”śĂ­lica 2MPX Dahua IPS-HFW 1200SN. Contrato compraventa Nâ”¬â–‘ 001704-16		4	11	3	\N	2026-05-30 08:44:16.936182	2026-06-19 12:19:20.927393
85	Câ”śĂ­mara IP Bala 2MPX Dahua	DAHUA	IPS-HFW 1200SN	1E029A8PAU00072	2-07-A59357	ACTIVE	\N	\N	\N	Câ”śĂ­mara IP Bala metâ”śĂ­lica 2MPX Dahua IPS-HFW 1200SN. Contrato compraventa Nâ”¬â–‘ 001704-16		4	11	3	\N	2026-05-30 08:44:16.936182	2026-06-19 12:19:30.4745
84	Câ”śĂ­mara IP Bala 2MPX Dahua	DAHUA	IPS-HFW 1200SN	1E029A8PAU00295	2-07-A59356	ACTIVE	\N	\N	\N	Câ”śĂ­mara IP Bala metâ”śĂ­lica 2MPX Dahua IPS-HFW 1200SN. Contrato compraventa Nâ”¬â–‘ 001704-16		4	11	3	\N	2026-05-30 08:44:16.936182	2026-06-19 12:19:40.784423
74	Câ”śĂ­mara IP Bala 2MPX Dahua	DAHUA	IPS-HFW 1200SN	1F01413PAU00101	2-07-A59344	ACTIVE	\N	\N	\N	Câ”śĂ­mara IP Bala metâ”śĂ­lica 2MPX Dahua IPS-HFW 1200SN. Contrato compraventa Nâ”¬â–‘ 001704-16		4	11	3	\N	2026-05-30 08:44:16.936182	2026-06-19 12:19:51.738551
75	Câ”śĂ­mara IP Bala 2MPX Dahua	DAHUA	IPS-HFW 1200SN	1E029A8PAU00051	2-07-A59345	ACTIVE	\N	\N	\N	Câ”śĂ­mara IP Bala metâ”śĂ­lica 2MPX Dahua IPS-HFW 1200SN. Contrato compraventa Nâ”¬â–‘ 001704-16		4	11	3	\N	2026-05-30 08:44:16.936182	2026-06-19 12:20:10.917157
77	Câ”śĂ­mara IP Bala 2MPX Dahua	DAHUA	IPS-HFW 1200SN	1E029A8PAU00068	2-07-A59348	ACTIVE	\N	\N	\N	Câ”śĂ­mara IP Bala metâ”śĂ­lica 2MPX Dahua IPS-HFW 1200SN. Contrato compraventa Nâ”¬â–‘ 001704-16		4	11	3	\N	2026-05-30 08:44:16.936182	2026-06-19 12:20:33.466777
78	Câ”śĂ­mara IP Bala 2MPX Dahua	DAHUA	IPS-HFW 1200SN	1C02F57PAU00058	2-07-A59349	ACTIVE	\N	\N	\N	Câ”śĂ­mara IP Bala metâ”śĂ­lica 2MPX Dahua IPS-HFW 1200SN. Contrato compraventa Nâ”¬â–‘ 001704-16		4	11	3	\N	2026-05-30 08:44:16.936182	2026-06-19 12:20:45.962058
79	Câ”śĂ­mara IP Bala 2MPX Dahua	DAHUA	IPS-HFW 1200SN	1C02F57PAU00115	2-07-A59350	ACTIVE	\N	\N	\N	Câ”śĂ­mara IP Bala metâ”śĂ­lica 2MPX Dahua IPS-HFW 1200SN. Contrato compraventa Nâ”¬â–‘ 001704-16		4	11	3	\N	2026-05-30 08:44:16.936182	2026-06-19 12:21:00.697675
80	Câ”śĂ­mara IP Bala 2MPX Dahua	DAHUA	IPS-HFW 1200SN	1C02F57PAU00033	2-07-A59351	ACTIVE	\N	\N	\N	Câ”śĂ­mara IP Bala metâ”śĂ­lica 2MPX Dahua IPS-HFW 1200SN. Contrato compraventa Nâ”¬â–‘ 001704-16		4	11	3	\N	2026-05-30 08:44:16.936182	2026-06-19 12:21:14.585248
81	Câ”śĂ­mara IP Bala 2MPX Dahua	DAHUA	IPS-HFW 1200SN	1E029A8PAU00078	2-07-A59353	ACTIVE	\N	\N	\N	Câ”śĂ­mara IP Bala metâ”śĂ­lica 2MPX Dahua IPS-HFW 1200SN. Contrato compraventa Nâ”¬â–‘ 001704-16		4	11	3	\N	2026-05-30 08:44:16.936182	2026-06-19 12:21:24.775602
82	Câ”śĂ­mara IP Bala 2MPX Dahua	DAHUA	IPS-HFW 1200SN	1C02F57PAU00101	2-07-A59354	ACTIVE	\N	\N	\N	Câ”śĂ­mara IP Bala metâ”śĂ­lica 2MPX Dahua IPS-HFW 1200SN. Contrato compraventa Nâ”¬â–‘ 001704-16		4	11	3	\N	2026-05-30 08:44:16.936182	2026-06-19 12:21:37.32897
83	Câ”śĂ­mara IP Bala 2MPX Dahua	DAHUA	IPS-HFW 1200SN	1F01413PAU00189	2-07-A59355	ACTIVE	\N	\N	\N	Câ”śĂ­mara IP Bala metâ”śĂ­lica 2MPX Dahua IPS-HFW 1200SN. Contrato compraventa Nâ”¬â–‘ 001704-16		4	11	3	\N	2026-05-30 08:44:16.936182	2026-06-19 12:21:47.293488
165	Router Cloud CCR1016-12G	MIKROTIK	CCR1016-12G	2-07-A58751	2-07-A58751	ACTIVE	\N	\N	\N	Router Cloud Router Mikrotik CCR1016-12G, suministro de equipo para redes		11	11	3	\N	2026-05-30 08:44:16.936182	2026-06-19 12:29:23.664669
188	Superficie de Trabajo Redes			2-18-A10404	2-18-A10404	ACTIVE	\N	\N	\N	Superficie de trabajo redes		13	11	3	\N	2026-05-30 08:44:16.936182	2026-06-19 12:36:12.210588
108	Patch Panel 24P Cat6A			2-07-A59402	2-07-A59402	ACTIVE	\N	\N	\N	Patch Panel 24 puertos Cat 6A. Contrato compraventa Nâ”¬â–‘ 001704-16		7	11	3	\N	2026-05-30 08:44:16.936182	2026-06-19 12:02:36.048033
109	Patch Panel 24P Cat6A			2-07-A59404	2-07-A59404	ACTIVE	\N	\N	\N	Patch Panel 24 puertos Cat 6A. Contrato compraventa Nâ”¬â–‘ 001704-16		7	11	3	\N	2026-05-30 08:44:16.936182	2026-06-19 12:02:52.078557
110	Probador de Red WiFi Fluke	FLUKE	OOCO17-522E4E	2-07-A59405	2-07-A59405	ACTIVE	\N	\N	\N	Probador de red con WiFi Fluke OOCO17-522E4E. Contrato compraventa Nâ”¬â–‘ 001704-16		9	11	3	\N	2026-05-30 08:44:16.936182	2026-06-19 12:03:11.740319
111	Switch HP 24P	HP		2-07-A59530	2-07-A59530	ACTIVE	\N	\N	\N	Switch Hewlett-Packard 24 puertos. Contrato de Obra Nâ”¬â–‘ 000215-16		2	11	3	\N	2026-05-30 08:44:16.936182	2026-06-19 12:03:29.954412
112	Switch HP 24P	HP		2-07-A59531	2-07-A59531	ACTIVE	\N	\N	\N	Switch Hewlett-Packard 24 puertos. Contrato de Obra Nâ”¬â–‘ 000215-16		2	11	3	\N	2026-05-30 08:44:16.936182	2026-06-19 12:03:48.739035
114	Altavoz Jabra Speak 510	JABRA	Speak 510	2-07-A59874	2-07-A59874	ACTIVE	\N	\N	\N	Altavoz Speak 510 Jabra. Factura de venta Nâ”¬â–‘ 108 de Soluciones TICS		12	11	3	\N	2026-05-30 08:44:16.936182	2026-06-19 12:04:22.089036
115	Botiquâ”śÂˇn de Pared			2-11-A45369	2-11-A45369	ACTIVE	\N	\N	\N	Botiquâ”śÂˇn de pared medidas 60 cm de alto		20	11	3	\N	2026-05-30 08:44:16.936182	2026-06-19 12:04:41.52753
116	Archivador Lateral 2x60			2-18-A1480	2-18-A1480	ACTIVE	\N	\N	\N	Archivador lateral 2x60		13	11	3	\N	2026-05-30 08:44:16.936182	2026-06-19 12:04:55.397451
117	Archivador Inferior			2-18-A1543	2-18-A1543	ACTIVE	\N	\N	\N	Archivador inferior		13	11	3	\N	2026-05-30 08:44:16.936182	2026-06-19 12:05:09.933404
118	Gabinete Superior			2-18-A1546	2-18-A1546	ACTIVE	\N	\N	\N	Gabinete superior		13	11	3	\N	2026-05-30 08:44:16.936182	2026-06-19 12:05:26.841705
119	Silla Giratoria en Paâ”śâ–’o			2-18-A1548	2-18-A1548	ACTIVE	\N	\N	\N	Silla giratoria en paâ”śâ–’o		13	11	3	\N	2026-05-30 08:44:16.936182	2026-06-19 12:05:43.729038
120	Archivador Inferior			2-18-A18259	2-18-A18259	ACTIVE	\N	\N	\N	Archivador inferior		13	11	3	\N	2026-05-30 08:44:16.936182	2026-06-19 12:06:03.086634
121	Persiana			2-18-A22719	2-18-A22719	ACTIVE	\N	\N	\N	Persiana		13	11	3	\N	2026-05-30 08:44:16.936182	2026-06-19 12:06:20.845392
123	Perforadora 3 Huecos			2-18-A46940	2-18-A46940	ACTIVE	\N	\N	\N	Perforadora de tres huecos		13	11	3	\N	2026-05-30 08:44:16.936182	2026-06-19 12:06:53.921303
125	Silla Interlocutora sin Brazos			2-18-A57018	2-18-A57018	ACTIVE	\N	\N	\N	Silla interlocutora sin brazos, espaldar marco en polipropileno reforzado con interior en malla nylon		13	11	3	\N	2026-05-30 08:44:16.936182	2026-06-19 12:07:28.825143
126	Silla Interlocutora sin Brazos			2-18-A57019	2-18-A57019	ACTIVE	\N	\N	\N	Silla interlocutora sin brazos, espaldar marco en polipropileno reforzado con interior en malla nylon		13	11	3	\N	2026-05-30 08:44:16.936182	2026-06-19 12:07:42.842472
127	Mâ”śâ”‚dulo Puesto de Câ”śâ”‚mputo 80x60			2-18-A57044	2-18-A57044	ACTIVE	\N	\N	\N	Mâ”śâ”‚dulo para puesto de câ”śâ”‚mputo 80cm x 60cm		13	11	3	\N	2026-05-30 08:44:16.936182	2026-06-19 12:07:56.233732
128	Mâ”śâ”‚dulo Puesto de Câ”śâ”‚mputo 80x60			2-18-A57045	2-18-A57045	ACTIVE	\N	\N	\N	Mâ”śâ”‚dulo para puesto de câ”śâ”‚mputo 80cm x 60cm		13	11	3	\N	2026-05-30 08:44:16.936182	2026-06-19 12:08:09.601956
129	Mâ”śâ”‚dulo Puesto de Câ”śâ”‚mputo 210x60			2-18-A57508	2-18-A57508	ACTIVE	\N	\N	\N	Mâ”śâ”‚dulo para puesto de câ”śâ”‚mputo 210cm x 60cm con superficie en tablero laminado de 25mm de espesor		13	11	3	\N	2026-05-30 08:44:16.936182	2026-06-19 12:08:22.648947
130	Cortina Enrollable Screen 2.03x2.40			2-18-A58285	2-18-A58285	ACTIVE	\N	\N	\N	Cortina enrollable en screen con visibilidad exterior, persiana enrollable 2.03m x 2.40m		13	11	3	\N	2026-05-30 08:44:16.936182	2026-06-19 12:08:38.275165
131	Superficie de Trabajo			2-18-C16320	2-18-C16320	ACTIVE	\N	\N	\N	Superficie de trabajo		13	11	3	\N	2026-05-30 08:44:16.936182	2026-06-19 12:08:50.576783
132	Archivador Inferior			2-18-C33123	2-18-C33123	ACTIVE	\N	\N	\N	Archivador inferior		13	11	3	\N	2026-05-30 08:44:16.936182	2026-06-19 12:09:02.858961
135	UPS Online 2KVA			2-24-A18267	2-24-A18267	ACTIVE	\N	\N	\N	UPS Online 2KVA		10	11	3	\N	2026-05-30 08:44:16.936182	2026-06-19 12:10:13.257163
136	Chasis Blade IBM	IBM		2-24-A40718	2-24-A40718	ACTIVE	\N	\N	\N	Chasis Enclosure de Blade IBM		16	11	3	\N	2026-05-30 08:44:16.936182	2026-06-19 12:10:30.338243
137	Teclado HP con Mouse	HP		2-24-A47478	2-24-A47478	ACTIVE	\N	\N	\N	Teclado HP con mouse â”śâ”‚ptico		18	11	3	\N	2026-05-30 08:44:16.936182	2026-06-19 12:10:43.49278
138	Monitor HP LV1911	HP	LV1911	6CM2240L1F	2-24-A47736	ACTIVE	\N	\N	\N	Monitor HP LV1911 19 pulgadas		1	11	3	\N	2026-05-30 08:44:16.936182	2026-06-19 12:10:55.679836
140	Portâ”śĂ­til Lenovo	LENOVO		PF00XKVK	2-24-A51205	ACTIVE	\N	\N	\N	Portâ”śĂ­til Lenovo, procesador Core i5 2.5GHz, RAM 4GB DDR3, disco duro 750GB, monitor LED 14 pulgadas		15	11	3	\N	2026-05-30 08:44:16.936182	2026-06-19 12:11:19.821364
141	Câ”śĂ­mara IP Bala HD 2MP Dahua	DAHUA	IPC-HFW-1220SN-S3	4-07-C67205	4-07-C67205	ACTIVE	\N	\N	\N	Reposiciâ”śâ”‚n por hurto (câ”śâ”‚digo anterior 4-07-C59330). Câ”śĂ­mara HD IPC-HFW-1220SN-S3, bala IP metâ”śĂ­lica 2MP, lente 3.6mm, H.264+, 25/30fps@1080P, IR 30m, IP67, 12VDC		4	11	3	\N	2026-05-30 08:44:16.936182	2026-06-19 12:11:33.718099
142	Câ”śĂ­mara IP Bala HD 2MP Dahua	DAHUA	IPC-HFW-1220SN-S3	4-07-C67206	4-07-C67206	ACTIVE	\N	\N	\N	Reposiciâ”śâ”‚n por hurto (câ”śâ”‚digo anterior 4-07-C59332). Câ”śĂ­mara HD IPC-HFW-1220SN-S3, bala IP metâ”śĂ­lica 2MP, lente 3.6mm, H.264+, 25/30fps@1080P, IR 30m, IP67, 12VDC		4	11	3	\N	2026-05-30 08:44:16.936182	2026-06-19 12:11:50.399792
144	Estante Metâ”śĂ­lico 6 Bandejas			04-18-C74149	04-18-C74149	ACTIVE	\N	\N	\N	Estante metâ”śĂ­lico, seis (6) bandejas, lâ”śĂ­mina Cold Rolled calibre 22, parales tipo uâ”śâ–’a calibre 16, medidas 2.00m alto x 0.93m ancho x 0.40m fondo, pintura electrostâ”śĂ­tica. Contrato Nâ”¬â–‘ 002207-21		19	11	3	\N	2026-05-30 08:44:16.936182	2026-06-19 12:12:21.006671
243	Switch 48P			2-24-A48960	2-24-A48960	ACTIVE	\N	\N	\N	Switch X 48 puertos		2	11	3	\N	2026-05-30 08:44:16.936182	2026-06-19 12:12:33.445985
133	Archivador Inferior			2-18-C3404	2-18-C3404	ACTIVE	\N	\N	\N	Archivador inferior		13	11	3	\N	2026-05-30 08:44:16.936182	2026-06-19 12:12:48.111754
105	Patch Panel 24P Cat6A			2-07-A59399	2-07-A59399	ACTIVE	\N	\N	\N	Patch Panel 24 puertos Cat 6A. Contrato compraventa Nâ”¬â–‘ 001704-16		7	11	3	\N	2026-05-30 08:44:16.936182	2026-06-19 12:13:01.428114
104	NVR 4K Dahua NVR4232	DAHUA	NVR4232-4K	1J03047PAYF9R61	2-07-A59398	ACTIVE	\N	\N	\N	Grabador de video en red NVR NVR4232-4K Dahua. Contrato compraventa Nâ”¬â–‘ 001704-16		6	11	3	\N	2026-05-30 08:44:16.936182	2026-06-19 12:13:21.798475
103	NVR 4K Dahua NVR4232	DAHUA	NVR4232-4K	1L0394BPAYZ36ZC	2-07-A59397	ACTIVE	\N	\N	\N	Grabador de video en red NVR NVR4232-4K Dahua. Contrato compraventa Nâ”¬â–‘ 001704-16		6	11	3	\N	2026-05-30 08:44:16.936182	2026-06-19 12:13:55.361977
102	NVR 4K Dahua NVR4232	DAHUA	NVR4232-4K	1J03047PAYL0J91	2-07-A59395	ACTIVE	\N	\N	\N	Grabador de video en red NVR NVR4232-4K Dahua. Contrato compraventa Nâ”¬â–‘ 001704-16		6	11	3	\N	2026-05-30 08:44:16.936182	2026-06-19 12:15:57.684558
158	Patch Panel 24P Cat6A Blindado			2-07-A58043	2-07-A58043	ACTIVE	\N	\N	\N	Patch Panel 24 puertos Cat. 6A Blindado		7	11	3	\N	2026-05-30 08:44:16.936182	2026-06-19 12:27:35.476724
159	Patch Panel 24P Cat6A Blindado			2-07-A58045	2-07-A58045	ACTIVE	\N	\N	\N	Patch Panel 24 puertos Cat. 6A Blindado		7	11	3	\N	2026-05-30 08:44:16.936182	2026-06-19 12:27:51.752729
161	Patch Panel 24P Cat6A Blindado			2-07-A58226	2-07-A58226	ACTIVE	\N	\N	\N	Patch Panel 24 puertos Cat. 6A Blindado		7	11	3	\N	2026-05-30 08:44:16.936182	2026-06-19 12:28:21.294861
106	Patch Panel 24P Cat6A			2-07-A59400	2-07-A59400	ACTIVE	\N	\N	\N	Patch Panel 24 puertos Cat 6A. Contrato compraventa Nâ”¬â–‘ 001704-16		7	11	3	\N	2026-05-30 08:44:16.936182	2026-06-19 12:01:51.418741
146	Estante Metâ”śĂ­lico 6 Bandejas			04-18-C74170	04-18-C74170	ACTIVE	\N	\N	\N	Estante metâ”śĂ­lico, seis (6) bandejas, lâ”śĂ­mina Cold Rolled calibre 22, parales tipo uâ”śâ–’a calibre 16, medidas 2.00m alto x 0.93m ancho x 0.40m fondo, pintura electrostâ”śĂ­tica. Contrato Nâ”¬â–‘ 002207-21		19	11	3	\N	2026-05-30 08:44:16.936182	2026-06-19 12:22:35.935789
162	Patch Panel 24P Cat6A Blindado			2-07-A58227	2-07-A58227	ACTIVE	\N	\N	\N	Patch Panel 24 puertos Cat. 6A Blindado		7	11	3	\N	2026-05-30 08:44:16.936182	2026-06-19 12:28:36.970758
147	Switch de Core			2-07-A21343	2-07-A21343	ACTIVE	\N	\N	\N	Equipo activo de red Switch de Core		2	11	3	\N	2026-05-30 08:44:16.936182	2026-06-19 12:23:25.387657
150	Bandeja Fibra LC - CRIA			2-07-A21368	2-07-A21368	ACTIVE	\N	\N	\N	Bandeja de fibra de conectores LC - ubicado en CRIA		20	11	3	\N	2026-05-30 08:44:16.936182	2026-06-19 12:25:42.288283
155	Patch Panel 24P Cat6A Blindado			2-07-A58040	2-07-A58040	ACTIVE	\N	\N	\N	Patch Panel 24 puertos Cat. 6A Blindado		7	11	3	\N	2026-05-30 08:44:16.936182	2026-06-19 12:25:57.824001
156	Patch Panel 24P Cat6A Blindado			2-07-A58041	2-07-A58041	ACTIVE	\N	\N	\N	Patch Panel 24 puertos Cat. 6A Blindado		7	11	3	\N	2026-05-30 08:44:16.936182	2026-06-19 12:26:17.066433
163	Patch Panel 24P Cat6A Blindado			2-07-A58228	2-07-A58228	ACTIVE	\N	\N	\N	Patch Panel 24 puertos Cat. 6A Blindado		7	11	3	\N	2026-05-30 08:44:16.936182	2026-06-19 12:28:51.545054
164	Patch Panel 24P Cat6A Blindado			2-07-A58229	2-07-A58229	ACTIVE	\N	\N	\N	Patch Panel 24 puertos Cat. 6A Blindado		7	11	3	\N	2026-05-30 08:44:16.936182	2026-06-19 12:29:09.621533
166	Switch Linksys 26P Gigabit	LINKSYS		2-07-A59903	2-07-A59903	ACTIVE	\N	\N	\N	Switch Linksys 26 port Smart Gigabit. Contrato de Obra Nâ”¬â–‘ 003259-16		2	11	3	\N	2026-05-30 08:44:16.936182	2026-06-19 12:29:38.300624
149	Bandeja Fibra LC - CRIA	\N	\N	\N	2-07-A21367	ACTIVE	\N	\N	\N	Bandeja de fibra de conectores LC - ubicado en CRIA	\N	20	13	\N	\N	2026-05-30 08:44:16.936182	2026-06-10 16:41:34.075921
154	Bandeja Fibra LC	\N	\N	\N	2-07-A21372	ACTIVE	\N	\N	\N	Bandeja de fibra de conectores LC	\N	20	13	\N	\N	2026-05-30 08:44:16.936182	2026-06-10 16:42:52.10907
152	Bandeja Fibra LC Multipropâ”śâ”‚sito	\N	\N	\N	2-07-A21370	ACTIVE	\N	\N	\N	Bandeja de fibra de conectores LC - multipropâ”śâ”‚sito	\N	20	13	\N	\N	2026-05-30 08:44:16.936182	2026-06-10 16:44:27.429951
151	Bandeja Fibra LC - CRIA	\N	\N	\N	2-07-A21369	ACTIVE	\N	\N	\N	Bandeja de fibra de conectores LC - ubicado en CRIA	\N	20	13	\N	\N	2026-05-30 08:44:16.936182	2026-06-10 16:44:55.652929
157	Patch Panel 24P Cat6A Blindado			2-07-A58042	2-07-A58042	ACTIVE	\N	\N	\N	Patch Panel 24 puertos Cat. 6A Blindado		7	11	3	\N	2026-05-30 08:44:16.936182	2026-06-19 12:26:34.929447
167	Conmutador Administrable 48P PoE			2-07-A60157	2-07-A60157	ACTIVE	\N	\N	\N	Conmutador administrable 48 puertos RJ-45 10/100/1000 PoE, 4 puertos adicionales. Compra de artâ”śÂˇculos de tecnologâ”śÂˇa segâ”śâ•‘n facturas #0586 del 22 de diciembre		19	11	3	\N	2026-05-30 08:44:16.936182	2026-06-19 12:29:50.265626
168	iMac Pro	APPLE	iMac Pro	C02DR0SG0833	2-10-A70765	ACTIVE	\N	\N	\N	iMac Pro con memoria configurable hasta 1.5TB DDR4, almacenamiento 1TB a 8TB SSD, procesador Intel Xeon W 3.3GHz 12 nâ”śâ•‘cleos, Turbo Boost 4.4GHz, cache 31.25MB		14	11	3	\N	2026-05-30 08:44:16.936182	2026-06-19 12:30:02.574951
169	Processmeter 789		789	2-10-A72442	2-10-A72442	ACTIVE	\N	\N	\N	Equipo 789 Processmeter		22	11	3	\N	2026-05-30 08:44:16.936182	2026-06-19 12:30:16.720987
171	Gabinete Pared 16U x 50cm			2-12-A60161	2-12-A60161	ACTIVE	\N	\N	\N	Gabinete de pared, tapas laterales desmontables, 16 UDR x 50cm de profundidad. Facturas #0586 del 22 de diciembre de 2017		13	11	3	\N	2026-05-30 08:44:16.936182	2026-06-19 12:30:46.717626
172	Aire Acondicionado Mini Split 12000BTU			2-12-A86322	2-12-A86322	ACTIVE	\N	\N	\N	Equipo de aire acondicionado tipo mini split, capacidad 12.000 BTU, 220VAC tipo Inverter SEER, incluye evaporadora y condensadora. Contrato Nâ”¬â–‘ 002647-24		18	11	3	\N	2026-05-30 08:44:16.936182	2026-06-19 12:31:06.724106
173	Patch Panel Cat5 Precableado 24P			2-12-APATCH CAT5	2-12-APATCH CAT5	ACTIVE	\N	\N	\N	Patch Panel precableado 24 puertos Cat5		7	11	3	\N	2026-05-30 08:44:16.936182	2026-06-19 12:32:16.754237
174	Patch Panel Cat6 Precableado 24P			2-12-APATCH CAT6	2-12-APATCH CAT6	ACTIVE	\N	\N	\N	Patch Panel precableado 24 puertos Cat6 - ubicado en Investigaciones		7	11	3	\N	2026-05-30 08:44:16.936182	2026-06-19 12:32:32.448902
175	Generador Chicharra Amplificador			2-14-A10217	2-14-A10217	ACTIVE	\N	\N	\N	Generador chicharra amplificador		22	11	3	\N	2026-05-30 08:44:16.936182	2026-06-19 12:32:45.347876
176	Taladro Percutor			2-14-A50477	2-14-A50477	ACTIVE	\N	\N	\N	Taladro percutor		22	11	3	\N	2026-05-30 08:44:16.936182	2026-06-19 12:33:03.682449
177	Tajalâ”śĂ­piz Elâ”śÂ®ctrico			2-14-A52369	2-14-A52369	ACTIVE	\N	\N	\N	Tajalâ”śĂ­piz elâ”śÂ®ctrico		22	11	3	\N	2026-05-30 08:44:16.936182	2026-06-19 12:33:22.893859
178	Escalera Tijera Aluminio 3 Pasos			2-14-A58013	2-14-A58013	ACTIVE	\N	\N	\N	Escalera aluminio tijera 3 pasos, altura 0.90m		23	11	3	\N	2026-05-30 08:44:16.936182	2026-06-19 12:33:41.197889
179	Escalera Extensiâ”śâ”‚n Aluminio 4 Secciones			2-14-A58014	2-14-A58014	ACTIVE	\N	\N	\N	Escalera aluminio extensiâ”śâ”‚n 4 secciones multifuncional		23	11	3	\N	2026-05-30 08:44:16.936182	2026-06-19 12:34:00.524557
180	Sopladora Aspiradora 600W			2-14-A58240	2-14-A58240	ACTIVE	\N	\N	\N	Sopladora aspiradora 600W		22	11	3	\N	2026-05-30 08:44:16.936182	2026-06-19 12:34:13.06097
181	Taladro Rotomartillo 800W			2-14-A60158	2-14-A60158	ACTIVE	\N	\N	\N	Taladro roto martillo potencia 800W. Facturas #0586 del 22 de diciembre de 2017 de Ingtel Ltda.		22	11	3	\N	2026-05-30 08:44:16.936182	2026-06-19 12:34:25.871674
182	Gabinete Metâ”śĂ­lico Quest	QUEST		2-18-A07706	2-18-A07706	ACTIVE	\N	\N	\N	Gabinete metâ”śĂ­lico Quest		13	11	3	\N	2026-05-30 08:44:16.936182	2026-06-19 12:34:39.6419
183	Estabilizador 1000VA Monofâ”śĂ­sico	MAGON		2-18-A08785	2-18-A08785	ACTIVE	\N	\N	\N	Estabilizador monofâ”śĂ­sico 1000 MAGON		17	11	3	\N	2026-05-30 08:44:16.936182	2026-06-19 12:34:53.354512
184	Holt Metâ”śĂ­lico			2-18-A08823	2-18-A08823	ACTIVE	\N	\N	\N	Holt metâ”śĂ­lico		13	11	3	\N	2026-05-30 08:44:16.936182	2026-06-19 12:35:05.564568
185	Gabinete Pared 19''			2-18-A08824	2-18-A08824	ACTIVE	\N	\N	\N	Gabinete de pared 19x20		13	11	3	\N	2026-05-30 08:44:16.936182	2026-06-19 12:35:23.929716
186	Superficie de Trabajo			2-18-A08870	2-18-A08870	ACTIVE	\N	\N	\N	Superficie de trabajo ingenierâ”śÂˇa		13	11	3	\N	2026-05-30 08:44:16.936182	2026-06-19 12:35:37.209017
187	Gabinete 19''			2-18-A09314	2-18-A09314	ACTIVE	\N	\N	\N	Gabinete 19x20		13	11	3	\N	2026-05-30 08:44:16.936182	2026-06-19 12:35:50.980388
190	Gabinete Piso Madera			2-18-A1343	2-18-A1343	ACTIVE	\N	\N	\N	Gabinete de piso madera		13	11	3	\N	2026-05-30 08:44:16.936182	2026-06-19 12:36:37.421803
208	Bandeja Fibra â”śĂ´ptica (Instalada)	\N	\N	\N	2-18-A55660	ACTIVE	\N	\N	\N	Suministro e instalaciâ”śâ”‚n de bandeja de conectorizacion de fibra â”śâ”‚ptica	\N	20	\N	\N	\N	2026-05-30 08:44:16.936182	2026-05-30 08:44:16.936182
209	Gabinete de Piso (Instalado)	\N	\N	\N	2-18-A55661	ACTIVE	\N	\N	\N	Suministro e instalaciâ”śâ”‚n de gabinete de piso	\N	13	\N	\N	\N	2026-05-30 08:44:16.936182	2026-05-30 08:44:16.936182
210	Bandeja Fibra â”śĂ´ptica (Instalada)	\N	\N	\N	2-18-A55662	ACTIVE	\N	\N	\N	Suministro e instalaciâ”śâ”‚n de bandeja de conectorizacion de fibra â”śâ”‚ptica	\N	20	\N	\N	\N	2026-05-30 08:44:16.936182	2026-05-30 08:44:16.936182
211	Silla Giratoria Negra	\N	\N	\N	2-18-A55746	ACTIVE	\N	\N	\N	Silla para puesto de trabajo giratoria negra	\N	13	\N	\N	\N	2026-05-30 08:44:16.936182	2026-05-30 08:44:16.936182
212	Gabinete Pared 9U	\N	\N	\N	2-18-A59881	ACTIVE	\N	\N	\N	Gabinete de pared de 9 RU. Contrato de Obra Nâ”¬â–‘ 003259-16	\N	13	\N	\N	\N	2026-05-30 08:44:16.936182	2026-05-30 08:44:16.936182
213	Silla Gerencial con Cabecero	\N	\N	\N	2-18-A71536	ACTIVE	\N	\N	\N	Silla giratoria tipo gerencial con cabecero, espaldar malla negra, soporte lumbar ajustable, asiento tapizado, base estrella en nylon, rodachinas, brazos graduables en altura	\N	13	\N	\N	\N	2026-05-30 08:44:16.936182	2026-05-30 08:44:16.936182
214	Gabinete Madera	\N	\N	\N	2-18-C09946	ACTIVE	\N	\N	\N	Gabinete en madera	\N	13	\N	\N	\N	2026-05-30 08:44:16.936182	2026-05-30 08:44:16.936182
215	Estabilizador	\N	\N	\N	2-18-C11224	ACTIVE	\N	\N	\N	Estabilizador	\N	17	\N	\N	\N	2026-05-30 08:44:16.936182	2026-05-30 08:44:16.936182
216	Archivador Inferior	\N	\N	\N	2-18-C18552A	ACTIVE	\N	\N	\N	Archivador inferior	\N	13	\N	\N	\N	2026-05-30 08:44:16.936182	2026-05-30 08:44:16.936182
217	Rack Metâ”śĂ­lico	\N	\N	\N	2-24-A08876	ACTIVE	\N	\N	\N	Rack metâ”śĂ­lico	\N	12	\N	\N	\N	2026-05-30 08:44:16.936182	2026-05-30 08:44:16.936182
218	Estabilizador 20KVA Trifâ”śĂ­sico	\N	\N	\N	2-24-A08878	ACTIVE	\N	\N	\N	Estabilizador de 20 KVA trifâ”śĂ­sico	\N	17	\N	\N	\N	2026-05-30 08:44:16.936182	2026-05-30 08:44:16.936182
219	UPS Online 2KVA	\N	\N	\N	2-24-A08965	ACTIVE	\N	\N	\N	UPS de 2 KVA Online	\N	10	\N	\N	\N	2026-05-30 08:44:16.936182	2026-05-30 08:44:16.936182
220	Patch Panel 48P Siemon	SIEMON	\N	\N	2-24-A09084	ACTIVE	\N	\N	\N	Patch Panel 48 puertos Siemon	\N	7	\N	\N	\N	2026-05-30 08:44:16.936182	2026-05-30 08:44:16.936182
221	Patch Panel 48P Siemon	SIEMON	\N	\N	2-24-A09085	ACTIVE	\N	\N	\N	Patch Panel 48 puertos Siemon	\N	7	\N	\N	\N	2026-05-30 08:44:16.936182	2026-05-30 08:44:16.936182
222	Patch Panel 48P Siemon	SIEMON	\N	\N	2-24-A09087	ACTIVE	\N	\N	\N	Patch Panel 48 puertos Siemon	\N	7	\N	\N	\N	2026-05-30 08:44:16.936182	2026-05-30 08:44:16.936182
223	Patch Panel 24P Quest	QUEST	\N	\N	2-24-A09092	ACTIVE	\N	\N	\N	Patch Panel 24 puertos Quest	\N	7	\N	\N	\N	2026-05-30 08:44:16.936182	2026-05-30 08:44:16.936182
224	Patch Panel 48P Siemon	SIEMON	\N	\N	2-24-A09094	ACTIVE	\N	\N	\N	Patch Panel 48 puertos Siemon	\N	7	\N	\N	\N	2026-05-30 08:44:16.936182	2026-05-30 08:44:16.936182
226	Patch Panel 48P Quest	QUEST	\N	\N	2-24-A09097	ACTIVE	\N	\N	\N	Patch Panel 48 puertos Quest	\N	7	\N	\N	\N	2026-05-30 08:44:16.936182	2026-05-30 08:44:16.936182
227	Patch Panel 48P Siemon	SIEMON	\N	\N	2-24-A09099	ACTIVE	\N	\N	\N	Patch Panel 48 puertos Siemon	\N	7	\N	\N	\N	2026-05-30 08:44:16.936182	2026-05-30 08:44:16.936182
228	Patch Panel 48P Siemon	SIEMON	\N	\N	2-24-A09100	ACTIVE	\N	\N	\N	Patch Panel 48 puertos Siemon	\N	7	\N	\N	\N	2026-05-30 08:44:16.936182	2026-05-30 08:44:16.936182
229	UPS Online 3.4KVA	\N	\N	\N	2-24-A32572	ACTIVE	\N	\N	\N	UPS ubicada en el sâ”śâ”‚tano del Kakareo	\N	10	\N	\N	\N	2026-05-30 08:44:16.936182	2026-05-30 08:44:16.936182
230	Teclado HP	HP	\N	\N	2-24-A40999	ACTIVE	\N	\N	\N	Teclado HP	\N	18	\N	\N	\N	2026-05-30 08:44:16.936182	2026-05-30 08:44:16.936182
231	CPU HP	HP	\N	\N	2-24-A41276	ACTIVE	\N	\N	\N	CPU HP	\N	24	\N	\N	\N	2026-05-30 08:44:16.936182	2026-05-30 08:44:16.936182
232	Switch 3Com 24P	3COM	\N	\N	2-24-A42524	ACTIVE	\N	\N	\N	Switch 3Com 24 puertos	\N	2	\N	\N	\N	2026-05-30 08:44:16.936182	2026-05-30 08:44:16.936182
233	Switch 3Com 48P	3COM	\N	\N	2-24-A42526	ACTIVE	\N	\N	\N	Switch 3Com 48 puertos	\N	2	\N	\N	\N	2026-05-30 08:44:16.936182	2026-05-30 08:44:16.936182
234	Switch 3Com 48P	3COM	\N	\N	2-24-A42527	ACTIVE	\N	\N	\N	Switch 3Com 48 puertos	\N	2	\N	\N	\N	2026-05-30 08:44:16.936182	2026-05-30 08:44:16.936182
235	Switch 3Com 48P	3COM	\N	\N	2-24-A42528	ACTIVE	\N	\N	\N	Switch 3Com 48 puertos	\N	2	\N	\N	\N	2026-05-30 08:44:16.936182	2026-05-30 08:44:16.936182
236	Switch 3Com 48P - Investigaciones	3COM	\N	\N	2-24-A42530	ACTIVE	\N	\N	\N	Switch 3Com 48 puertos - ubicado en Investigaciones	\N	2	\N	\N	\N	2026-05-30 08:44:16.936182	2026-05-30 08:44:16.936182
237	Patch Panel 48P	\N	\N	\N	2-24-A46643	ACTIVE	\N	\N	\N	Patch Panel 48 puertos	\N	7	\N	\N	\N	2026-05-30 08:44:16.936182	2026-05-30 08:44:16.936182
238	Monitor HP LV1911	HP	LV1911	6CM22820XH	2-24-A47260	ACTIVE	\N	\N	\N	Monitor HP LV1911 19 pulgadas	\N	1	\N	\N	\N	2026-05-30 08:44:16.936182	2026-05-30 08:44:16.936182
239	Teclado HP con Mouse	HP	\N	\N	2-24-A47261	ACTIVE	\N	\N	\N	Teclado HP con mouse â”śâ”‚ptico	\N	18	\N	\N	\N	2026-05-30 08:44:16.936182	2026-05-30 08:44:16.936182
240	Rack Metâ”śĂ­lico	\N	\N	\N	2-24-A48145	ACTIVE	\N	\N	\N	Rack metâ”śĂ­lico	\N	12	\N	\N	\N	2026-05-30 08:44:16.936182	2026-05-30 08:44:16.936182
241	Rack Metâ”śĂ­lico	\N	\N	\N	2-24-A48146	ACTIVE	\N	\N	\N	Rack metâ”śĂ­lico	\N	12	\N	\N	\N	2026-05-30 08:44:16.936182	2026-05-30 08:44:16.936182
244	Switch 48P	\N	\N	\N	2-24-A48961	ACTIVE	\N	\N	\N	Switch X 48 puertos	\N	2	\N	\N	\N	2026-05-30 08:44:16.936182	2026-05-30 08:44:16.936182
191	Silla Interlocutora Fija			2-18-A16068	2-18-A16068	ACTIVE	\N	\N	\N	Silla interlocutora fija		13	11	3	\N	2026-05-30 08:44:16.936182	2026-06-19 12:36:55.712325
193	Gabinete Piso 19'' - Rat Telefâ”śâ”‚nico			2-18-A35104	2-18-A35104	ACTIVE	\N	\N	\N	Gabinete de piso formato 19 pulgadas - ubicado en Rat Telefâ”śâ”‚nico		13	11	3	\N	2026-05-30 08:44:16.936182	2026-06-19 12:37:34.073736
194	Mueble Madera 1.47x1.3x0.40			2-18-A4089	2-18-A4089	ACTIVE	\N	\N	\N	Mueble en madera de 1.47m x 1.3m x 0.40m		13	11	3	\N	2026-05-30 08:44:16.936182	2026-06-19 12:37:52.917122
225	Patch Panel 48P Siemon	SIEMON		2-24-A09095	2-24-A09095	ACTIVE	\N	\N	\N	Patch Panel 48 puertos Siemon		7	11	3	\N	2026-05-30 08:44:16.936182	2026-06-19 12:38:21.301084
196	Gabinete de Pared RMS			2-18-A45086	2-18-A45086	ACTIVE	\N	\N	\N	Gabinete de pared RMS		13	11	3	\N	2026-05-30 08:44:16.936182	2026-06-19 12:38:35.948724
197	Gabinete de Pared RMS			2-18-A45119	2-18-A45119	ACTIVE	\N	\N	\N	Gabinete de pared RMS		13	11	3	\N	2026-05-30 08:44:16.936182	2026-06-19 12:38:50.313378
198	Silla Giratoria			2-18-A48134	2-18-A48134	ACTIVE	\N	\N	\N	Silla giratoria		13	11	3	\N	2026-05-30 08:44:16.936182	2026-06-19 12:39:04.67606
199	Gabinete de Piso (Instalado)			2-18-A55651	2-18-A55651	ACTIVE	\N	\N	\N	Suministro e instalaciâ”śâ”‚n de gabinete de piso		13	11	3	\N	2026-05-30 08:44:16.936182	2026-06-19 12:39:21.884438
201	Gabinete de Piso (Instalado)			2-18-A55653	2-18-A55653	ACTIVE	\N	\N	\N	Suministro e instalaciâ”śâ”‚n de gabinete de piso		13	11	3	\N	2026-05-30 08:44:16.936182	2026-06-19 12:39:49.367418
202	Bandeja Fibra â”śĂ´ptica (Instalada)			2-18-A55654	2-18-A55654	ACTIVE	\N	\N	\N	Suministro e instalaciâ”śâ”‚n de bandeja de conectorizacion de fibra â”śâ”‚ptica		20	11	3	\N	2026-05-30 08:44:16.936182	2026-06-19 12:40:03.161141
203	Bandeja Fibra â”śĂ´ptica (Instalada)			2-18-A55655	2-18-A55655	ACTIVE	\N	\N	\N	Suministro e instalaciâ”śâ”‚n de bandeja de conectorizacion de fibra â”śâ”‚ptica		20	11	3	\N	2026-05-30 08:44:16.936182	2026-06-19 12:40:17.044482
204	Gabinete de Piso (Instalado)			2-18-A55656	2-18-A55656	ACTIVE	\N	\N	\N	Suministro e instalaciâ”śâ”‚n de gabinete de piso		13	11	3	\N	2026-05-30 08:44:16.936182	2026-06-19 12:40:31.81258
205	Bandeja Fibra â”śĂ´ptica (Instalada)			2-18-A55657	2-18-A55657	ACTIVE	\N	\N	\N	Suministro e instalaciâ”śâ”‚n de bandeja de conectorizacion de fibra â”śâ”‚ptica		20	11	3	\N	2026-05-30 08:44:16.936182	2026-06-19 12:40:45.280072
206	Gabinete de Piso (Instalado)			2-18-A55658	2-18-A55658	ACTIVE	\N	\N	\N	Suministro e instalaciâ”śâ”‚n de gabinete de piso		13	11	3	\N	2026-05-30 08:44:16.936182	2026-06-19 12:40:58.454954
245	Switch 48P	\N	\N	\N	2-24-A48962	ACTIVE	\N	\N	\N	Switch X 48 puertos	\N	2	\N	\N	\N	2026-05-30 08:44:16.936182	2026-05-30 08:44:16.936182
246	Switch 48P	\N	\N	\N	2-24-A48963	ACTIVE	\N	\N	\N	Switch X 48 puertos	\N	2	\N	\N	\N	2026-05-30 08:44:16.936182	2026-05-30 08:44:16.936182
247	Regleta para Rack	\N	\N	\N	2-24-A48994	ACTIVE	\N	\N	\N	Regleta para rack	\N	25	\N	\N	\N	2026-05-30 08:44:16.936182	2026-05-30 08:44:16.936182
248	Rack Switch UNE Huawei	HUAWEI	S2318TP-EI-AC	\N	2-24-A50590	ACTIVE	\N	\N	\N	Rack de UNE - Switch Quidway S2318TP-EI-AC 24P Huawei - Cucuta	\N	12	\N	\N	\N	2026-05-30 08:44:16.936182	2026-05-30 08:44:16.936182
249	Switch Huawei S2318TP 24P	HUAWEI	S2318TP-EI-AC	\N	2-24-A50591	ACTIVE	\N	\N	\N	Switch Quidway S2318TP-EI-AC 24 puertos Huawei	\N	2	\N	\N	\N	2026-05-30 08:44:16.936182	2026-05-30 08:44:16.936182
250	Switch Huawei S2318TP 24P	HUAWEI	S2318TP-EI-AC	\N	2-24-A50592	ACTIVE	\N	\N	\N	Switch Quidway S2318TP-EI-AC 24 puertos Huawei	\N	2	\N	\N	\N	2026-05-30 08:44:16.936182	2026-05-30 08:44:16.936182
251	Switch Huawei S2318TP 24P	HUAWEI	S2318TP-EI-AC	\N	2-24-A50593	ACTIVE	\N	\N	\N	Switch Quidway S2318TP-EI-AC 24 puertos Huawei	\N	2	\N	\N	\N	2026-05-30 08:44:16.936182	2026-05-30 08:44:16.936182
252	Switch Huawei S2318TP 24P	HUAWEI	S2318TP-EI-AC	\N	2-24-A50594	ACTIVE	\N	\N	\N	Switch Quidway S2318TP-EI-AC 24 puertos Huawei	\N	2	\N	\N	\N	2026-05-30 08:44:16.936182	2026-05-30 08:44:16.936182
253	Switch Huawei S2318TP 24P	HUAWEI	S2318TP-EI-AC	\N	2-24-A50597	ACTIVE	\N	\N	\N	Switch Quidway S2318TP-EI-AC 24 puertos Huawei	\N	2	\N	\N	\N	2026-05-30 08:44:16.936182	2026-05-30 08:44:16.936182
254	Switch Huawei S2318TP 24P	HUAWEI	S2318TP-EI-AC	\N	2-24-A50598	ACTIVE	\N	\N	\N	Switch Quidway S2318TP-EI-AC 24 puertos Huawei	\N	2	\N	\N	\N	2026-05-30 08:44:16.936182	2026-05-30 08:44:16.936182
255	Switch Huawei S2318TP 24P	HUAWEI	S2318TP-EI-AC	\N	2-24-A50599	ACTIVE	\N	\N	\N	Switch Quidway S2318TP-EI-AC 24 puertos Huawei	\N	2	\N	\N	\N	2026-05-30 08:44:16.936182	2026-05-30 08:44:16.936182
256	Switch Huawei S2318TP 24P	HUAWEI	S2318TP-EI-AC	\N	2-24-A50600	ACTIVE	\N	\N	\N	Switch Quidway S2318TP-EI-AC 24 puertos Huawei	\N	2	\N	\N	\N	2026-05-30 08:44:16.936182	2026-05-30 08:44:16.936182
257	Monitor LCD 20''	\N	\N	VNA1PV1	2-24-A50635	ACTIVE	\N	\N	\N	Monitor LCD 20 pulgadas o superior. Contrato de compra-venta Nâ”¬â–‘ 003001-13	\N	1	\N	\N	\N	2026-05-30 08:44:16.936182	2026-05-30 08:44:16.936182
258	Monitor LCD 20''	\N	\N	VNA18VD	2-24-A50649	ACTIVE	\N	\N	\N	Monitor LCD 20 pulgadas o superior. Contrato de compra-venta Nâ”¬â–‘ 003001-13	\N	1	\N	\N	\N	2026-05-30 08:44:16.936182	2026-05-30 08:44:16.936182
259	PC Escritorio Core i7-3770	\N	\N	MJ00CUPQ	2-24-A50650	ACTIVE	\N	\N	\N	Equipo de câ”śâ”‚mputo de escritorio, procesador Core i7-3770 de 3.4GHz, RAM 8GB DDR3, disco duro 1TB	\N	14	\N	\N	\N	2026-05-30 08:44:16.936182	2026-05-30 08:44:16.936182
260	Switch Huawei S2318TP 24P	HUAWEI	S2318TP-EI-AC	\N	2-24-A51312	ACTIVE	\N	\N	\N	Switch Quidway S2318TP-EI-AC 24 puertos Huawei	\N	2	\N	\N	\N	2026-05-30 08:44:16.936182	2026-05-30 08:44:16.936182
107	Patch Panel 24P Cat6A			2-07-A59401	2-07-A59401	ACTIVE	\N	\N	\N	Patch Panel 24 puertos Cat 6A. Contrato compraventa Nâ”¬â–‘ 001704-16		7	11	3	\N	2026-05-30 08:44:16.936182	2026-06-19 12:02:11.060749
262	Portâ”śĂ­til 14'' Certificaciâ”śâ”‚n Militar	LENOVO	\N	5CD2254YWY	2-24-A81290	ACTIVE	\N	\N	\N	Portâ”śĂ­til 14 pulgadas, peso mâ”śĂ­ximo 1.8 kg, SSD 512GB PCIe, 16GB RAM, Windows 10 Pro, certificaciâ”śâ”‚n EPEAT Gold, Energy Star 8.x, estâ”śĂ­ndar militar MIL-STD 810H. Contrato Nâ”¬â–‘ 002566-23	\N	15	\N	\N	\N	2026-05-30 08:44:16.936182	2026-05-30 08:44:16.936182
263	UPS Bifâ”śĂ­sica 3KVA	\N	\N	\N	2-24-A86324	ACTIVE	\N	\N	\N	UPS bifâ”śĂ­sica 3KVA 120/208V 60Hz. Contrato Nâ”¬â–‘ 002647-24	\N	10	\N	\N	\N	2026-05-30 08:44:16.936182	2026-05-30 08:44:16.936182
2	Monitor 24"	\N	\N	\N	2-07-A48285	ACTIVE	\N	\N	\N	Monitor de 24 pulgadas	\N	1	10	\N	\N	2026-05-30 08:44:16.936182	2026-05-30 10:09:51.659861
113	Câ”śĂ­mara Web Logitech BC950	LOGITECH	BC950 Conference	2-07-A59873	2-07-A59873	ACTIVE	\N	\N	\N	Câ”śĂ­mara Logitech BC950 Conference. Factura de venta Nâ”¬â–‘ 108 de Soluciones TICS		11	11	3	\N	2026-05-30 08:44:16.936182	2026-06-19 12:04:06.967976
122	Cosedora de Grapa 26/6			2-18-A46634	2-18-A46634	ACTIVE	\N	\N	\N	Cosedora para grapa Nâ”¬â–‘ 26/6		13	11	3	\N	2026-05-30 08:44:16.936182	2026-06-19 12:06:37.021027
124	Silla Interlocutora sin Brazos			2-18-A57013	2-18-A57013	ACTIVE	\N	\N	\N	Silla interlocutora sin brazos, espaldar marco en polipropileno reforzado con interior en malla nylon		13	11	3	\N	2026-05-30 08:44:16.936182	2026-06-19 12:07:13.88783
7	Switch 24P TP-Link TL-SG1024	TP-LINK	TL-SG1024	2152120000417	2-07-A59248	ACTIVE	\N	\N	\N	Switch 24 puertos 10/100/1000 TP-Link TL-SG1024. Contrato compraventa Nâ”¬â–‘ 001704-16		2	6	1	\N	2026-05-30 08:44:16.936182	2026-06-01 12:59:25.46252
70	Câ”śĂ­mara IP Bala 2MPX Dahua	DAHUA	IPS-HFW 1200SN	1C02F57PAU00095	2-07-A59339	ACTIVE	\N	\N	\N	Câ”śĂ­mara IP Bala metâ”śĂ­lica 2MPX Dahua IPS-HFW 1200SN. Contrato compraventa Nâ”¬â–‘ 001704-16		4	11	3	\N	2026-05-30 08:44:16.936182	2026-06-19 12:09:38.504979
134	Extintor ABC 10 Libras			2-18-C45037	2-18-C45037	ACTIVE	\N	\N	\N	Extintor ABC multipropâ”śâ”‚sito de 10 libras		21	11	3	\N	2026-05-30 08:44:16.936182	2026-06-19 12:10:00.388808
139	PC Escritorio Core i7-3770			MJ00CUQB	2-24-A50940	ACTIVE	\N	\N	\N	Equipo de câ”śâ”‚mputo de escritorio, procesador Core i7-3770 de 3.4GHz, RAM 8GB DDR3, disco duro 1TB		14	11	3	\N	2026-05-30 08:44:16.936182	2026-06-19 12:11:07.292808
143	Estante Metâ”śĂ­lico 6 Bandejas			04-18-C74144	04-18-C74144	ACTIVE	\N	\N	\N	Estante metâ”śĂ­lico, seis (6) bandejas, lâ”śĂ­mina Cold Rolled calibre 22, parales tipo uâ”śâ–’a calibre 16, medidas 2.00m alto x 0.93m ancho x 0.40m fondo, pintura electrostâ”śĂ­tica. Contrato Nâ”¬â–‘ 002207-21		19	11	3	\N	2026-05-30 08:44:16.936182	2026-06-19 12:12:06.936985
192	Gabinete Metâ”śĂ­lico			2-18-A2527	2-18-A2527	ACTIVE	\N	\N	\N	Gabinete metâ”śĂ­lico		13	11	3	\N	2026-05-30 08:44:16.936182	2026-06-19 12:37:17.732623
261	Impresora Multifuncional Lâ”śĂ­ser	HP	\N	VNBNM3Y7FN	2-24-A68533	ACTIVE	\N	\N	\N	Impresora multifuncional lâ”śĂ­ser color, funciones: imprime, copia, escanea. Velocidad mâ”śÂˇnima 22 PPM negro/color, doble cara 13 PPM, ciclo mensual hasta 40.000 pâ”śĂ­ginas, memoria 256MB, WiFi 802.11 b/g/n, USB 2.0, 110V. Serial: VNBNM3Y7FN	\N	15	9	\N	\N	2026-05-30 08:44:16.936182	2026-06-01 18:31:43.040721
4	Telâ”śÂ®fono IP Yealink SIP-T20P	YEALINK	SIP-T20P	20758654	2-07-A58654	ACTIVE	\N	\N	\N	Telâ”śÂ®fono IP marca Yealink SIP-T20P color gris (UNE)		8	13	1	\N	2026-05-30 08:44:16.936182	2026-06-03 13:22:17.642772
148	Switch de Core			0	2-07-A21344	ACTIVE	\N	\N	\N	Equipo activo de red Switch de Core		2	13	2	\N	2026-05-30 08:44:16.936182	2026-06-10 16:39:42.366665
153	Bandeja Fibra LC - Monitoreo	\N	\N	\N	2-07-A21371	ACTIVE	\N	\N	\N	Bandeja de fibra de conectores LC - ubicado en Monitoreo	\N	20	13	\N	\N	2026-05-30 08:44:16.936182	2026-06-10 16:43:49.959106
16	Câ”śĂ­mara IP Domo 2MPX Dahua	DAHUA	IPC-HDWB 1200EN	IE02710PAX00089	2-07-A59258	ACTIVE	\N	\N	\N	Câ”śĂ­mara IP Domo metâ”śĂ­lica 2MPX Dahua IPC-HDWB 1200EN. Contrato compraventa Nâ”¬â–‘ 001704-16		3	14	3	\N	2026-05-30 08:44:16.936182	2026-06-19 11:36:53.247139
53	Câ”śĂ­mara IP Domo 2MPX Dahua	DAHUA	IPC-HDWB 1200EN	1D02564PAF00191	2-07-A59314	ACTIVE	\N	\N	\N	Câ”śĂ­mara IP Domo metâ”śĂ­lica 2MPX Dahua IPC-HDWB 1200EN. Contrato compraventa Nâ”¬â–‘ 001704-16		3	14	3	\N	2026-05-30 08:44:16.936182	2026-06-19 11:39:09.969918
27	Câ”śĂ­mara IP Domo 2MPX Dahua	DAHUA	IPC-HDWB 1200EN	IE02710PAX00021	2-07-A59277	ACTIVE	\N	\N	\N	Câ”śĂ­mara IP Domo metâ”śĂ­lica 2MPX Dahua IPC-HDWB 1200EN. Contrato compraventa Nâ”¬â–‘ 001704-16		3	14	3	\N	2026-05-30 08:44:16.936182	2026-06-19 11:46:00.33096
10	Câ”śĂ­mara IP Domo 2MPX Dahua	DAHUA	IPC-HDWB 1200EN	IE02710PAX00059	2-07-A59252	ACTIVE	\N	\N	\N	Câ”śĂ­mara IP Domo metâ”śĂ­lica 2MPX Dahua IPC-HDWB 1200EN. Contrato compraventa Nâ”¬â–‘ 001704-16		3	11	3	\N	2026-05-30 08:44:16.936182	2026-06-19 11:51:13.819205
41	Câ”śĂ­mara IP Domo 2MPX Dahua	DAHUA	IPC-HDWB 1200EN	IE02710PAX00054	2-07-A59292	ACTIVE	\N	\N	\N	Câ”śĂ­mara IP Domo metâ”śĂ­lica 2MPX Dahua IPC-HDWB 1200EN. Contrato compraventa Nâ”¬â–‘ 001704-16		3	11	3	\N	2026-05-30 08:44:16.936182	2026-06-19 11:56:32.78746
94	Câ”śĂ­mara IP Bala 2MPX Dahua	DAHUA	IPS-HFW 1200SN	1E029A8PAU00196	2-07-A59367	ACTIVE	\N	\N	\N	Câ”śĂ­mara IP Bala metâ”śĂ­lica 2MPX Dahua IPS-HFW 1200SN. Contrato compraventa Nâ”¬â–‘ 001704-16		4	11	3	\N	2026-05-30 08:44:16.936182	2026-06-19 12:17:59.06769
76	Câ”śĂ­mara IP Bala 2MPX Dahua	DAHUA	IPS-HFW 1200SN	1E029A8PAU00074	2-07-A59347	ACTIVE	\N	\N	\N	Câ”śĂ­mara IP Bala metâ”śĂ­lica 2MPX Dahua IPS-HFW 1200SN. Contrato compraventa Nâ”¬â–‘ 001704-16		4	11	3	\N	2026-05-30 08:44:16.936182	2026-06-19 12:20:23.249462
145	Estante Metâ”śĂ­lico 6 Bandejas			04-18-C74150	04-18-C74150	ACTIVE	\N	\N	\N	Estante metâ”śĂ­lico, seis (6) bandejas, lâ”śĂ­mina Cold Rolled calibre 22, parales tipo uâ”śâ–’a calibre 16, medidas 2.00m alto x 0.93m ancho x 0.40m fondo, pintura electrostâ”śĂ­tica. Contrato Nâ”¬â–‘ 002207-21		19	11	3	\N	2026-05-30 08:44:16.936182	2026-06-19 12:22:16.081358
170	Portâ”śĂ­til Lenovo ThinkPad E14	LENOVO	ThinkPad E14	PF37MYTA	2-10-A72818	ACTIVE	\N	\N	\N	Portâ”śĂ­til Lenovo ThinkPad E14, procesador Intel Core i5 4.3GHz, RAM 8GB DDR4, disco SSD 256GB, pantalla 14 pulgadas, WiFi 802.11b/g/n, Bluetooth, Windows Professional 64bits, cargador, mouse USB, garantâ”śÂˇa mâ”śÂˇnima 3 aâ”śâ–’os. Incluye diadema Bluetooth y PTZ Webcam 1080P. Contrato Nâ”¬â–‘ 002214-21		15	11	3	\N	2026-05-30 08:44:16.936182	2026-06-19 12:30:27.826355
195	Gabinete RMS - Decanatura C. Naturales			2-18-A45085	2-18-A45085	ACTIVE	\N	\N	\N	Gabinete de pared RMS - Decanatura de Ciencias Naturales		13	11	3	\N	2026-05-30 08:44:16.936182	2026-06-19 12:38:07.652964
200	Bandeja Fibra â”śĂ´ptica (Instalada)			2-18-A55652	2-18-A55652	ACTIVE	\N	\N	\N	Suministro e instalaciâ”śâ”‚n de bandeja de conectorizacion de fibra â”śâ”‚ptica		20	11	3	\N	2026-05-30 08:44:16.936182	2026-06-19 12:39:36.188303
207	Bandeja Fibra â”śĂ´ptica (Instalada)			2-18-A55659	2-18-A55659	ACTIVE	\N	\N	\N	Suministro e instalaciâ”śâ”‚n de bandeja de conectorizacion de fibra â”śâ”‚ptica		20	11	3	\N	2026-05-30 08:44:16.936182	2026-06-19 12:41:13.696969
8	Switch 24P TP-Link TL-SG1024	TP-LINK	TL-SG1024	2152120000445	2-07-A59250	LOST	\N	\N	\N	Switch 24 puertos 10/100/1000 TP-Link TL-SG1024. Contrato compraventa Nâ”¬â–‘ 001704-16		2	9	3	\N	2026-05-30 08:44:16.936182	2026-06-19 15:04:55.3105
269	ORUEB	RUTU	123654	123456	123456	LOST	\N	\N	\N	RUEBNADF	QUIEN SABE	20	9	3	1	2026-06-30 23:16:38.597143	2026-06-30 23:26:45.693333
\.


--
-- Data for Name: audit_logs; Type: TABLE DATA; Schema: public; Owner: postgres
--

COPY public.audit_logs (id, user_id, username, action, entity_type, entity_id, entity_description, old_values, new_values, ip_address, user_agent, success, error_message, "timestamp", full_name, role_name) FROM stdin;
1	1	admin	LOGIN	User	1	admin	\N	\N	0:0:0:0:0:0:0:1	\N	t	\N	2026-04-17 16:14:59.891394	\N	\N
2	1	admin	CREATE	Asset	1	sw-ppa	\N	\N	0:0:0:0:0:0:0:1	\N	t	\N	2026-04-17 16:34:26.756112	\N	\N
3	1	admin	UPDATE	Asset	1	sw-ppa	{name:'sw-ppa',status:'ACTIVE',area:'Data Center'}	{name:'sw-ppa',status:'ACTIVE',area:'Data Center'}	0:0:0:0:0:0:0:1	\N	t	\N	2026-04-17 17:47:14.876449	\N	\N
4	1	admin	LOGIN	User	1	admin	\N	\N	0:0:0:0:0:0:0:1	\N	t	\N	2026-04-18 09:05:25.275051	\N	\N
5	1	admin	CREATE	Asset	2	sw	\N	\N	0:0:0:0:0:0:0:1	\N	t	\N	2026-04-18 09:22:40.618445	\N	\N
6	1	admin	CREATE	Asset	3	pc	\N	\N	0:0:0:0:0:0:0:1	\N	t	\N	2026-04-18 09:28:19.684953	\N	\N
7	1	admin	LOGIN	User	1	admin	\N	\N	0:0:0:0:0:0:0:1	\N	t	\N	2026-04-18 09:38:54.757991	\N	\N
8	1	admin	LOGIN	User	1	admin	\N	\N	0:0:0:0:0:0:0:1	\N	t	\N	2026-04-18 09:40:22.084061	\N	\N
9	1	admin	LOGIN	User	1	admin	\N	\N	0:0:0:0:0:0:0:1	\N	t	\N	2026-04-18 10:04:48.590627	\N	\N
10	1	admin	LOGIN	User	1	admin	\N	\N	0:0:0:0:0:0:0:1	\N	t	\N	2026-05-30 06:53:29.289068	\N	\N
11	1	admin	CREATE	InventoryMovement	1	Prâ”śÂ®stamo - sw	\N	\N	0:0:0:0:0:0:0:1	\N	t	\N	2026-05-30 06:57:05.056059	\N	\N
12	1	admin	CREATE	InventoryMovement	2	Traslado - sw	\N	\N	0:0:0:0:0:0:0:1	\N	t	\N	2026-05-30 06:57:11.48899	\N	\N
13	1	admin	CREATE	InventoryMovement	3	Prâ”śÂ®stamo - pc	\N	\N	0:0:0:0:0:0:0:1	\N	t	\N	2026-05-30 06:58:11.288599	\N	\N
14	1	admin	CREATE	InventoryMovement	4	Prâ”śÂ®stamo - pc	\N	\N	0:0:0:0:0:0:0:1	\N	t	\N	2026-05-30 06:58:22.677487	\N	\N
15	1	admin	CREATE	InventoryMovement	5	Prâ”śÂ®stamo - pc	\N	\N	0:0:0:0:0:0:0:1	\N	t	\N	2026-05-30 06:58:33.787075	\N	\N
16	1	admin	CREATE	InventoryMovement	6	Prâ”śÂ®stamo - pc	\N	\N	0:0:0:0:0:0:0:1	\N	t	\N	2026-05-30 06:58:34.935697	\N	\N
17	1	admin	CREATE	InventoryMovement	7	Prâ”śÂ®stamo - pc	\N	\N	0:0:0:0:0:0:0:1	\N	t	\N	2026-05-30 06:58:35.434282	\N	\N
18	1	admin	CREATE	InventoryMovement	8	Prâ”śÂ®stamo - pc	\N	\N	0:0:0:0:0:0:0:1	\N	t	\N	2026-05-30 06:58:35.633278	\N	\N
19	1	admin	CREATE	InventoryMovement	9	Prâ”śÂ®stamo - pc	\N	\N	0:0:0:0:0:0:0:1	\N	t	\N	2026-05-30 06:58:35.793291	\N	\N
20	1	admin	CREATE	InventoryMovement	10	Entrada - sw	\N	\N	0:0:0:0:0:0:0:1	\N	t	\N	2026-05-30 07:21:21.768257	\N	\N
21	1	admin	CREATE	InventoryMovement	11	Entrada - sw	\N	\N	0:0:0:0:0:0:0:1	\N	t	\N	2026-05-30 07:21:31.501337	\N	\N
22	1	admin	UPDATE	Asset	2	sw	{name:'sw',status:'ACTIVE',area:'Biblioteca'}	{name:'sw',status:'MAINTENANCE',area:'Biblioteca'}	0:0:0:0:0:0:0:1	\N	t	\N	2026-05-30 07:37:13.75204	\N	\N
23	1	admin	CREATE	InventoryMovement	12	Entrada a Mantenimiento - sw	\N	\N	0:0:0:0:0:0:0:1	\N	t	\N	2026-05-30 07:37:49.777941	\N	\N
24	1	admin	CREATE	InventoryMovement	13	Traslado - sw	\N	\N	0:0:0:0:0:0:0:1	\N	t	\N	2026-05-30 07:39:30.110206	\N	\N
25	1	admin	CREATE	InventoryMovement	14	Devoluciâ”śâ”‚n - sw	\N	\N	0:0:0:0:0:0:0:1	\N	t	\N	2026-05-30 07:45:32.647733	\N	\N
26	1	admin	CREATE	InventoryMovement	15	Devoluciâ”śâ”‚n - sw	\N	\N	0:0:0:0:0:0:0:1	\N	t	\N	2026-05-30 07:46:52.119484	\N	\N
27	1	admin	CREATE	Asset	4	vr	\N	\N	0:0:0:0:0:0:0:1	\N	t	\N	2026-05-30 08:08:48.429615	\N	\N
28	1	admin	UPDATE	Asset	4	vr	{name:'vr',status:'ACTIVE',area:'Bienestar Universitario'}	{name:'vr',status:'ACTIVE',area:'Bienestar Universitario'}	0:0:0:0:0:0:0:1	\N	t	\N	2026-05-30 08:09:32.853479	\N	\N
29	1	admin	CREATE	InventoryMovement	16	Prâ”śÂ®stamo - Monitor 24"	\N	\N	0:0:0:0:0:0:0:1	\N	t	\N	2026-05-30 09:39:12.431414	\N	\N
30	1	admin	CREATE	InventoryMovement	17	Traslado - Monitor 24"	\N	\N	0:0:0:0:0:0:0:1	\N	t	\N	2026-05-30 09:56:35.008561	\N	\N
31	1	admin	CREATE	InventoryMovement	18	Salida - Monitor 24"	\N	\N	0:0:0:0:0:0:0:1	\N	t	\N	2026-05-30 10:09:51.659861	\N	\N
32	1	admin	LOGIN	User	1	admin	\N	\N	0:0:0:0:0:0:0:1	\N	t	\N	2026-05-30 10:23:55.924594	\N	\N
33	1	admin	CREATE	NetworkDevice	1	IP: 192.168.25.5	\N	\N	0:0:0:0:0:0:0:1	\N	t	\N	2026-05-30 10:29:48.440791	\N	\N
72	1	admin	CREATE	Asset	268	Pepito	\N	\N	190.145.218.88	\N	t	\N	2026-06-01 16:08:35.182518	\N	\N
73	1	admin	DELETE	Asset	265	Prueba	\N	\N	190.145.218.88	\N	t	\N	2026-06-01 16:19:10.094021	\N	\N
74	1	admin	DELETE	Asset	267	CRUDR	\N	\N	190.145.218.88	\N	t	\N	2026-06-01 16:19:14.368947	\N	\N
75	1	admin	DELETE	Asset	268	Pepito	\N	\N	190.145.218.88	\N	t	\N	2026-06-01 16:19:17.282451	\N	\N
76	1	admin	LOGIN	User	1	admin	\N	\N	190.145.218.88	\N	t	\N	2026-06-01 16:22:37.801328	\N	\N
77	1	admin	LOGIN	User	1	admin	\N	\N	190.145.218.88	\N	t	\N	2026-06-01 16:23:36.997528	\N	\N
78	1	admin	LOGIN	User	1	admin	\N	\N	190.145.218.88	\N	t	\N	2026-06-01 16:32:55.464153	\N	\N
79	1	admin	LOGIN	User	1	admin	\N	\N	190.0.244.122	\N	t	\N	2026-06-01 16:35:19.892837	\N	\N
80	1	admin	LOGIN	User	1	admin	\N	\N	104.28.153.55	\N	t	\N	2026-06-01 17:43:13.044554	\N	\N
81	1	admin	LOGIN	User	1	admin	\N	\N	104.28.153.55	\N	t	\N	2026-06-01 18:22:02.892343	\N	\N
82	1	admin	LOGIN	User	1	admin	\N	\N	104.28.153.55	\N	t	\N	2026-06-01 18:23:57.942213	\N	\N
83	1	admin	LOGIN	User	1	admin	\N	\N	190.0.244.122	\N	t	\N	2026-06-01 18:24:31.545454	\N	\N
84	1	admin	LOGIN	User	1	admin	\N	\N	181.68.206.168	\N	t	\N	2026-06-01 18:25:06.134048	\N	\N
85	1	admin	CREATE	InventoryMovement	22	Prâ”śÂ®stamo - Impresora Multifuncional Lâ”śĂ­ser	\N	\N	190.0.244.122	\N	t	\N	2026-06-01 18:31:43.043821	\N	\N
86	1	admin	LOGIN	User	1	admin	\N	\N	104.28.153.55	\N	t	\N	2026-06-01 18:46:46.309876	\N	\N
87	1	admin	LOGIN	User	1	admin	\N	\N	190.145.218.88	\N	t	\N	2026-06-01 19:07:25.785043	\N	\N
88	1	admin	LOGIN	User	1	admin	\N	\N	190.145.218.88	\N	t	\N	2026-06-01 19:21:47.017176	\N	\N
89	1	admin	LOGIN	User	1	admin	\N	\N	190.145.218.88	\N	t	\N	2026-06-01 19:22:56.445223	\N	\N
90	1	admin	LOGIN	User	1	admin	\N	\N	190.145.218.88	\N	t	\N	2026-06-01 19:25:36.67167	\N	\N
91	1	admin	CREATE	InventoryMovement	23	Entrada - Patch Panel 24P Cat6A Blindado	\N	\N	190.145.218.88	\N	t	\N	2026-06-01 19:51:31.082649	\N	\N
92	1	admin	LOGIN	User	1	admin	\N	\N	104.28.153.55	\N	t	\N	2026-06-01 20:04:32.118472	\N	\N
93	1	admin	LOGIN	User	1	admin	\N	\N	190.145.218.88	\N	t	\N	2026-06-01 20:12:01.985313	\N	\N
94	1	admin	LOGIN	User	1	admin	\N	\N	104.28.153.55	\N	t	\N	2026-06-01 20:19:05.280111	\N	\N
95	1	admin	LOGIN	User	1	admin	\N	\N	181.224.35.21	\N	t	\N	2026-06-01 20:28:53.901551	\N	\N
96	1	admin	LOGIN	User	1	admin	\N	\N	190.0.244.122	\N	t	\N	2026-06-01 20:34:28.791222	\N	\N
97	1	admin	LOGIN	User	1	admin	\N	\N	104.28.153.55	\N	t	\N	2026-06-01 21:58:19.678161	\N	\N
98	1	admin	LOGIN	User	1	admin	\N	\N	190.145.218.88	\N	t	\N	2026-06-02 22:02:48.473564	\N	\N
99	1	admin	LOGIN	User	1	admin	\N	\N	186.103.39.9	\N	t	\N	2026-06-02 22:10:12.707543	\N	\N
100	1	admin	CREATE	InventoryMovement	24	Traslado - Telâ”śÂ®fono IP Yealink SIP-T20P	\N	\N	186.103.39.9	\N	t	\N	2026-06-02 22:55:13.933525	\N	\N
101	1	admin	LOGIN	User	1	admin	\N	\N	190.0.244.122	\N	t	\N	2026-06-02 22:55:24.484658	\N	\N
102	1	admin	LOGIN	User	1	admin	\N	\N	104.28.153.57	\N	t	\N	2026-06-03 01:20:24.813545	\N	\N
103	1	admin	LOGIN	User	1	admin	\N	\N	104.28.153.53	\N	t	\N	2026-06-03 12:08:20.590781	\N	\N
104	1	admin	UPDATE	Asset	1	Monitor 24"	{name:'Monitor 24"',status:'ACTIVE',area:'N/A'}	{name:'Monitor 24"',status:'ACTIVE',area:'Bodega'}	190.145.218.88	\N	t	\N	2026-06-03 13:10:17.381514	\N	\N
105	1	admin	LOGIN	User	1	admin	\N	\N	190.145.218.88	\N	t	\N	2026-06-03 13:19:28.625266	\N	\N
106	1	admin	UPDATE	Asset	3	Patch Panel 24P Cat6A Blindado	{name:'Patch Panel 24P Cat6A Blindado',status:'ACTIVE',area:'N/A'}	{name:'Patch Panel 24P Cat6A Blindado',status:'ACTIVE',area:'2C1'}	190.145.218.88	\N	t	\N	2026-06-03 13:20:02.548306	\N	\N
107	1	admin	UPDATE	Asset	4	Telâ”śÂ®fono IP Yealink SIP-T20P	{name:'Telâ”śÂ®fono IP Yealink SIP-T20P',status:'ACTIVE',area:'Pasillo'}	{name:'Telâ”śÂ®fono IP Yealink SIP-T20P',status:'ACTIVE',area:'2C1'}	190.145.218.88	\N	t	\N	2026-06-03 13:22:17.646838	\N	\N
108	1	admin	UPDATE	Asset	5	Switch 24P TP-Link TL-SG1024	{name:'Switch 24P TP-Link TL-SG1024',status:'ACTIVE',area:'N/A'}	{name:'Switch 24P TP-Link TL-SG1024',status:'ACTIVE',area:'2C1'}	190.145.218.88	\N	t	\N	2026-06-03 13:23:53.560961	\N	\N
109	1	admin	UPDATE	Asset	5	Switch 24P TP-Link TL-SG1024	{name:'Switch 24P TP-Link TL-SG1024',status:'ACTIVE',area:'2C1'}	{name:'Switch 24P TP-Link TL-SG1024',status:'ACTIVE',area:'2C1'}	190.145.218.88	\N	t	\N	2026-06-03 13:24:30.954786	\N	\N
110	1	admin	LOGIN	User	1	admin	\N	\N	190.145.218.88	\N	t	\N	2026-06-03 15:49:07.535974	\N	\N
111	1	admin	LOGIN	User	1	admin	\N	\N	190.145.218.88	\N	t	\N	2026-06-03 16:10:38.790947	\N	\N
112	1	admin	LOGIN	User	1	admin	\N	\N	190.145.218.88	\N	t	\N	2026-06-03 16:12:55.636848	\N	\N
113	1	admin	LOGIN	User	1	admin	\N	\N	191.156.159.108	\N	t	\N	2026-06-03 20:20:23.871831	\N	\N
114	1	admin	LOGIN	User	1	admin	\N	\N	181.236.162.226	\N	t	\N	2026-06-04 02:52:59.98557	\N	\N
115	1	admin	LOGIN	User	1	admin	\N	\N	186.103.7.79	\N	t	\N	2026-06-05 13:06:13.193712	\N	\N
116	1	admin	LOGIN	User	1	admin	\N	\N	190.0.244.122	\N	t	\N	2026-06-10 16:22:35.102753	\N	\N
117	1	admin	UPDATE	Asset	9	Switch 24P TP-Link TL-SG1024	{name:'Switch 24P TP-Link TL-SG1024',status:'ACTIVE',area:'N/A'}	{name:'Switch 24P TP-Link TL-SG1024',status:'ACTIVE',area:'2C1'}	190.0.244.122	\N	t	\N	2026-06-10 16:33:36.758064	\N	\N
118	1	admin	LOGIN	User	1	admin	\N	\N	190.0.244.122	\N	t	\N	2026-06-10 16:35:52.068522	\N	\N
119	1	admin	UPDATE	Asset	148	Switch de Core	{name:'Switch de Core',status:'ACTIVE',area:'N/A'}	{name:'Switch de Core',status:'ACTIVE',area:'2C1'}	190.0.244.122	\N	t	\N	2026-06-10 16:38:52.246549	\N	\N
120	1	admin	UPDATE	Asset	148	Switch de Core	{name:'Switch de Core',status:'ACTIVE',area:'2C1'}	{name:'Switch de Core',status:'ACTIVE',area:'2C1'}	190.0.244.122	\N	t	\N	2026-06-10 16:39:42.370162	\N	\N
121	1	admin	CREATE	InventoryMovement	25	Entrada - Bandeja Fibra LC - CRIA	\N	\N	190.0.244.122	\N	t	\N	2026-06-10 16:41:34.079266	\N	\N
122	1	admin	CREATE	InventoryMovement	26	Entrada - Bandeja Fibra LC	\N	\N	190.0.244.122	\N	t	\N	2026-06-10 16:42:52.112771	\N	\N
123	1	admin	CREATE	InventoryMovement	27	Entrada - Bandeja Fibra LC - Monitoreo	\N	\N	190.0.244.122	\N	t	\N	2026-06-10 16:43:49.974482	\N	\N
124	1	admin	CREATE	InventoryMovement	28	Entrada - Bandeja Fibra LC Multipropâ”śâ”‚sito	\N	\N	190.0.244.122	\N	t	\N	2026-06-10 16:44:27.432787	\N	\N
125	1	admin	CREATE	InventoryMovement	29	Entrada - Bandeja Fibra LC - CRIA	\N	\N	190.0.244.122	\N	t	\N	2026-06-10 16:44:55.663699	\N	\N
126	1	admin	LOGIN	User	1	admin	\N	\N	190.0.244.122	\N	t	\N	2026-06-12 22:21:42.984648	\N	\N
127	1	admin	LOGIN	User	1	admin	\N	\N	104.28.153.55	\N	t	\N	2026-06-13 14:34:18.926486	\N	\N
128	1	admin	LOGIN	User	1	admin	\N	\N	104.28.153.55	\N	t	\N	2026-06-13 14:43:30.372818	\N	\N
129	2	pepe	LOGIN	User	2	pepe	\N	\N	104.28.153.55	\N	t	\N	2026-06-13 14:48:36.109522	\N	\N
130	2	pepe	LOGIN	User	2	pepe	\N	\N	181.55.20.97	\N	t	\N	2026-06-13 14:58:57.368026	\N	\N
131	1	admin	LOGIN	User	1	admin	\N	\N	104.28.153.74	\N	t	\N	2026-06-15 12:51:45.000439	\N	\N
132	3	IngOscar	LOGIN	User	3	IngOscar	\N	\N	104.28.153.74	\N	t	\N	2026-06-15 12:51:58.237795	\N	\N
133	3	IngOscar	LOGIN	User	3	IngOscar	\N	\N	104.28.153.74	\N	t	\N	2026-06-15 12:53:13.943794	\N	\N
134	1	admin	LOGIN	User	1	admin	\N	\N	104.28.153.54	\N	t	\N	2026-06-16 01:57:26.571662	\N	\N
135	1	admin	LOGIN	User	1	admin	\N	\N	190.0.244.122	\N	t	\N	2026-06-16 15:03:35.110287	\N	\N
136	1	admin	LOGIN	User	1	admin	\N	\N	190.0.244.122	\N	t	\N	2026-06-16 15:12:40.236849	\N	\N
137	4	usuario	LOGIN	User	4	usuario	\N	\N	190.0.244.122	\N	t	\N	2026-06-16 15:35:50.745002	\N	\N
138	2	pepe	LOGIN	User	2	pepe	\N	\N	190.0.244.122	\N	t	\N	2026-06-16 15:36:15.211922	\N	\N
139	1	admin	UPDATE	Asset	8	Switch 24P TP-Link TL-SG1024	{name:'Switch 24P TP-Link TL-SG1024',status:'ACTIVE',area:'Bienestar Universitario'}	{name:'Switch 24P TP-Link TL-SG1024',status:'ACTIVE',area:'Bienestar Universitario'}	190.0.244.122	\N	t	\N	2026-06-16 15:53:51.374656	\N	\N
140	1	admin	LOGIN	User	1	admin	\N	\N	181.55.20.97	\N	t	\N	2026-06-19 04:25:15.818882	\N	\N
141	1	admin	LOGIN	User	1	admin	\N	\N	104.28.153.55	\N	t	\N	2026-06-19 11:34:55.168898	\N	\N
142	1	admin	UPDATE	Asset	10	Câ”śĂ­mara IP Domo 2MPX Dahua	{name:'Câ”śĂ­mara IP Domo 2MPX Dahua',status:'ACTIVE',area:'N/A'}	{name:'Câ”śĂ­mara IP Domo 2MPX Dahua',status:'ACTIVE',area:'Oficina Redes'}	104.28.153.55	\N	t	\N	2026-06-19 11:35:30.647495	\N	\N
143	1	admin	UPDATE	Asset	11	Câ”śĂ­mara IP Domo 2MPX Dahua	{name:'Câ”śĂ­mara IP Domo 2MPX Dahua',status:'ACTIVE',area:'N/A'}	{name:'Câ”śĂ­mara IP Domo 2MPX Dahua',status:'ACTIVE',area:'Oficina Redes'}	104.28.153.55	\N	t	\N	2026-06-19 11:35:41.822287	\N	\N
144	1	admin	UPDATE	Asset	12	Câ”śĂ­mara IP Domo 2MPX Dahua	{name:'Câ”śĂ­mara IP Domo 2MPX Dahua',status:'ACTIVE',area:'N/A'}	{name:'Câ”śĂ­mara IP Domo 2MPX Dahua',status:'ACTIVE',area:'Oficina Redes'}	104.28.153.55	\N	t	\N	2026-06-19 11:36:06.800232	\N	\N
145	1	admin	UPDATE	Asset	14	Câ”śĂ­mara IP Domo 2MPX Dahua	{name:'Câ”śĂ­mara IP Domo 2MPX Dahua',status:'ACTIVE',area:'N/A'}	{name:'Câ”śĂ­mara IP Domo 2MPX Dahua',status:'ACTIVE',area:'Oficina Redes'}	104.28.153.55	\N	t	\N	2026-06-19 11:36:40.686958	\N	\N
146	1	admin	UPDATE	Asset	16	Câ”śĂ­mara IP Domo 2MPX Dahua	{name:'Câ”śĂ­mara IP Domo 2MPX Dahua',status:'ACTIVE',area:'N/A'}	{name:'Câ”śĂ­mara IP Domo 2MPX Dahua',status:'ACTIVE',area:'Oficina Redes'}	104.28.153.55	\N	t	\N	2026-06-19 11:36:53.251156	\N	\N
147	1	admin	UPDATE	Asset	18	Câ”śĂ­mara IP Domo 2MPX Dahua	{name:'Câ”śĂ­mara IP Domo 2MPX Dahua',status:'ACTIVE',area:'N/A'}	{name:'Câ”śĂ­mara IP Domo 2MPX Dahua',status:'ACTIVE',area:'Oficina Redes'}	104.28.153.55	\N	t	\N	2026-06-19 11:37:02.881981	\N	\N
148	1	admin	LOGIN	User	1	admin	\N	\N	104.28.153.55	\N	t	\N	2026-06-19 11:37:36.994373	\N	\N
149	1	admin	UPDATE	Asset	15	Câ”śĂ­mara IP Domo 2MPX Dahua	{name:'Câ”śĂ­mara IP Domo 2MPX Dahua',status:'ACTIVE',area:'N/A'}	{name:'Câ”śĂ­mara IP Domo 2MPX Dahua',status:'ACTIVE',area:'Oficina Redes'}	104.28.153.55	\N	t	\N	2026-06-19 11:38:28.007408	\N	\N
150	1	admin	UPDATE	Asset	53	Câ”śĂ­mara IP Domo 2MPX Dahua	{name:'Câ”śĂ­mara IP Domo 2MPX Dahua',status:'ACTIVE',area:'N/A'}	{name:'Câ”śĂ­mara IP Domo 2MPX Dahua',status:'ACTIVE',area:'Oficina Redes'}	104.28.153.55	\N	t	\N	2026-06-19 11:39:09.974915	\N	\N
151	3	IngOscar	LOGIN	User	3	IngOscar	\N	\N	104.28.166.238	\N	t	\N	2026-06-19 11:42:35.77811	\N	\N
152	3	IngOscar	UPDATE	Asset	13	Câ”śĂ­mara IP Domo 2MPX Dahua	{name:'Câ”śĂ­mara IP Domo 2MPX Dahua',status:'ACTIVE',area:'N/A'}	{name:'Câ”śĂ­mara IP Domo 2MPX Dahua',status:'ACTIVE',area:'Oficina Redes'}	104.28.166.238	\N	t	\N	2026-06-19 11:44:43.149226	\N	\N
153	3	IngOscar	UPDATE	Asset	17	Câ”śĂ­mara IP Domo 2MPX Dahua	{name:'Câ”śĂ­mara IP Domo 2MPX Dahua',status:'ACTIVE',area:'N/A'}	{name:'Câ”śĂ­mara IP Domo 2MPX Dahua',status:'ACTIVE',area:'Oficina Redes'}	104.28.166.238	\N	t	\N	2026-06-19 11:44:56.57115	\N	\N
154	3	IngOscar	UPDATE	Asset	19	Câ”śĂ­mara IP Domo 2MPX Dahua	{name:'Câ”śĂ­mara IP Domo 2MPX Dahua',status:'ACTIVE',area:'N/A'}	{name:'Câ”śĂ­mara IP Domo 2MPX Dahua',status:'ACTIVE',area:'Oficina Redes'}	104.28.166.238	\N	t	\N	2026-06-19 11:45:08.929491	\N	\N
155	3	IngOscar	UPDATE	Asset	20	Câ”śĂ­mara IP Domo 2MPX Dahua	{name:'Câ”śĂ­mara IP Domo 2MPX Dahua',status:'ACTIVE',area:'N/A'}	{name:'Câ”śĂ­mara IP Domo 2MPX Dahua',status:'ACTIVE',area:'Oficina Redes'}	104.28.166.238	\N	t	\N	2026-06-19 11:45:15.421337	\N	\N
156	3	IngOscar	UPDATE	Asset	21	Câ”śĂ­mara IP Domo 2MPX Dahua	{name:'Câ”śĂ­mara IP Domo 2MPX Dahua',status:'ACTIVE',area:'N/A'}	{name:'Câ”śĂ­mara IP Domo 2MPX Dahua',status:'ACTIVE',area:'Oficina Redes'}	104.28.166.238	\N	t	\N	2026-06-19 11:45:22.389978	\N	\N
157	3	IngOscar	UPDATE	Asset	22	Câ”śĂ­mara IP Domo 2MPX Dahua	{name:'Câ”śĂ­mara IP Domo 2MPX Dahua',status:'ACTIVE',area:'N/A'}	{name:'Câ”śĂ­mara IP Domo 2MPX Dahua',status:'ACTIVE',area:'Oficina Redes'}	104.28.166.238	\N	t	\N	2026-06-19 11:45:29.004917	\N	\N
158	3	IngOscar	UPDATE	Asset	23	Câ”śĂ­mara IP Domo 2MPX Dahua	{name:'Câ”śĂ­mara IP Domo 2MPX Dahua',status:'ACTIVE',area:'N/A'}	{name:'Câ”śĂ­mara IP Domo 2MPX Dahua',status:'ACTIVE',area:'Oficina Redes'}	104.28.166.238	\N	t	\N	2026-06-19 11:45:35.97769	\N	\N
159	3	IngOscar	UPDATE	Asset	24	Câ”śĂ­mara IP Domo 2MPX Dahua	{name:'Câ”śĂ­mara IP Domo 2MPX Dahua',status:'ACTIVE',area:'N/A'}	{name:'Câ”śĂ­mara IP Domo 2MPX Dahua',status:'ACTIVE',area:'Oficina Redes'}	104.28.166.238	\N	t	\N	2026-06-19 11:45:42.108284	\N	\N
160	3	IngOscar	UPDATE	Asset	25	Câ”śĂ­mara IP Domo 2MPX Dahua	{name:'Câ”śĂ­mara IP Domo 2MPX Dahua',status:'ACTIVE',area:'N/A'}	{name:'Câ”śĂ­mara IP Domo 2MPX Dahua',status:'ACTIVE',area:'Oficina Redes'}	104.28.166.238	\N	t	\N	2026-06-19 11:45:49.934209	\N	\N
161	3	IngOscar	UPDATE	Asset	26	Câ”śĂ­mara IP Domo 2MPX Dahua	{name:'Câ”śĂ­mara IP Domo 2MPX Dahua',status:'ACTIVE',area:'N/A'}	{name:'Câ”śĂ­mara IP Domo 2MPX Dahua',status:'ACTIVE',area:'Oficina Redes'}	104.28.166.238	\N	t	\N	2026-06-19 11:45:55.720704	\N	\N
162	3	IngOscar	UPDATE	Asset	27	Câ”śĂ­mara IP Domo 2MPX Dahua	{name:'Câ”śĂ­mara IP Domo 2MPX Dahua',status:'ACTIVE',area:'N/A'}	{name:'Câ”śĂ­mara IP Domo 2MPX Dahua',status:'ACTIVE',area:'Oficina Redes'}	104.28.166.238	\N	t	\N	2026-06-19 11:46:00.334857	\N	\N
163	3	IngOscar	UPDATE	Asset	28	Câ”śĂ­mara IP Domo 2MPX Dahua	{name:'Câ”śĂ­mara IP Domo 2MPX Dahua',status:'ACTIVE',area:'N/A'}	{name:'Câ”śĂ­mara IP Domo 2MPX Dahua',status:'ACTIVE',area:'Oficina Redes'}	104.28.166.238	\N	t	\N	2026-06-19 11:46:10.037772	\N	\N
164	3	IngOscar	UPDATE	Asset	29	Câ”śĂ­mara IP Domo 2MPX Dahua	{name:'Câ”śĂ­mara IP Domo 2MPX Dahua',status:'ACTIVE',area:'N/A'}	{name:'Câ”śĂ­mara IP Domo 2MPX Dahua',status:'ACTIVE',area:'Oficina Redes'}	104.28.166.238	\N	t	\N	2026-06-19 11:46:15.941261	\N	\N
165	3	IngOscar	UPDATE	Asset	30	Câ”śĂ­mara IP Domo 2MPX Dahua	{name:'Câ”śĂ­mara IP Domo 2MPX Dahua',status:'ACTIVE',area:'N/A'}	{name:'Câ”śĂ­mara IP Domo 2MPX Dahua',status:'ACTIVE',area:'Oficina Redes'}	104.28.166.238	\N	t	\N	2026-06-19 11:46:21.179868	\N	\N
424	1	admin	LOGIN	User	1	admin	\N	\N	181.68.227.37	\N	t	\N	2026-07-06 00:36:15.15769	SuperAdministrador del Sistema	ROLE_SUPERADMIN
166	3	IngOscar	UPDATE	Asset	31	Câ”śĂ­mara IP Domo 2MPX Dahua	{name:'Câ”śĂ­mara IP Domo 2MPX Dahua',status:'ACTIVE',area:'N/A'}	{name:'Câ”śĂ­mara IP Domo 2MPX Dahua',status:'ACTIVE',area:'Oficina Redes'}	104.28.166.238	\N	t	\N	2026-06-19 11:46:26.317616	\N	\N
168	3	IngOscar	UPDATE	Asset	33	Câ”śĂ­mara IP Domo 2MPX Dahua	{name:'Câ”śĂ­mara IP Domo 2MPX Dahua',status:'ACTIVE',area:'N/A'}	{name:'Câ”śĂ­mara IP Domo 2MPX Dahua',status:'ACTIVE',area:'Oficina Redes'}	104.28.166.238	\N	t	\N	2026-06-19 11:46:37.035503	\N	\N
170	3	IngOscar	UPDATE	Asset	35	Câ”śĂ­mara IP Domo 2MPX Dahua	{name:'Câ”śĂ­mara IP Domo 2MPX Dahua',status:'ACTIVE',area:'N/A'}	{name:'Câ”śĂ­mara IP Domo 2MPX Dahua',status:'ACTIVE',area:'Oficina Redes'}	104.28.166.238	\N	t	\N	2026-06-19 11:46:48.228714	\N	\N
172	3	IngOscar	UPDATE	Asset	1	Monitor 24"	{name:'Monitor 24"',status:'ACTIVE',area:'Bodega 2A1'}	{name:'Monitor 24"',status:'ACTIVE',area:'Sin asignar'}	104.28.166.238	\N	t	\N	2026-06-19 11:50:23.458715	\N	\N
174	3	IngOscar	UPDATE	Asset	5	Switch 24P TP-Link TL-SG1024	{name:'Switch 24P TP-Link TL-SG1024',status:'ACTIVE',area:'2C1'}	{name:'Switch 24P TP-Link TL-SG1024',status:'ACTIVE',area:'2C1'}	104.28.166.238	\N	t	\N	2026-06-19 11:50:35.32679	\N	\N
176	3	IngOscar	UPDATE	Asset	8	Switch 24P TP-Link TL-SG1024	{name:'Switch 24P TP-Link TL-SG1024',status:'ACTIVE',area:'Bienestar Universitario'}	{name:'Switch 24P TP-Link TL-SG1024',status:'ACTIVE',area:'Bienestar Universitario'}	104.28.166.238	\N	t	\N	2026-06-19 11:50:43.339553	\N	\N
177	3	IngOscar	UPDATE	Asset	8	Switch 24P TP-Link TL-SG1024	{name:'Switch 24P TP-Link TL-SG1024',status:'ACTIVE',area:'Bienestar Universitario'}	{name:'Switch 24P TP-Link TL-SG1024',status:'ACTIVE',area:'Bienestar Universitario'}	104.28.166.238	\N	t	\N	2026-06-19 11:50:46.384367	\N	\N
178	3	IngOscar	UPDATE	Asset	10	Câ”śĂ­mara IP Domo 2MPX Dahua	{name:'Câ”śĂ­mara IP Domo 2MPX Dahua',status:'ACTIVE',area:'Oficina Redes'}	{name:'Câ”śĂ­mara IP Domo 2MPX Dahua',status:'ACTIVE',area:'Oficina Redes'}	104.28.166.238	\N	t	\N	2026-06-19 11:50:50.432686	\N	\N
179	3	IngOscar	UPDATE	Asset	10	Câ”śĂ­mara IP Domo 2MPX Dahua	{name:'Câ”śĂ­mara IP Domo 2MPX Dahua',status:'ACTIVE',area:'Oficina Redes'}	{name:'Câ”śĂ­mara IP Domo 2MPX Dahua',status:'ACTIVE',area:'Oficina Redes'}	104.28.166.238	\N	t	\N	2026-06-19 11:50:53.74868	\N	\N
181	3	IngOscar	UPDATE	Asset	10	Câ”śĂ­mara IP Domo 2MPX Dahua	{name:'Câ”śĂ­mara IP Domo 2MPX Dahua',status:'ACTIVE',area:'Oficina Redes'}	{name:'Câ”śĂ­mara IP Domo 2MPX Dahua',status:'ACTIVE',area:'Sin asignar'}	104.28.166.238	\N	t	\N	2026-06-19 11:51:13.82292	\N	\N
183	3	IngOscar	UPDATE	Asset	11	Câ”śĂ­mara IP Domo 2MPX Dahua	{name:'Câ”śĂ­mara IP Domo 2MPX Dahua',status:'ACTIVE',area:'Oficina Redes'}	{name:'Câ”śĂ­mara IP Domo 2MPX Dahua',status:'ACTIVE',area:'Sin asignar'}	104.28.166.238	\N	t	\N	2026-06-19 11:53:56.909191	\N	\N
185	3	IngOscar	UPDATE	Asset	14	Câ”śĂ­mara IP Domo 2MPX Dahua	{name:'Câ”śĂ­mara IP Domo 2MPX Dahua',status:'ACTIVE',area:'Oficina Redes'}	{name:'Câ”śĂ­mara IP Domo 2MPX Dahua',status:'ACTIVE',area:'Sin asignar'}	104.28.166.238	\N	t	\N	2026-06-19 11:54:08.168092	\N	\N
187	3	IngOscar	UPDATE	Asset	15	Câ”śĂ­mara IP Domo 2MPX Dahua	{name:'Câ”śĂ­mara IP Domo 2MPX Dahua',status:'ACTIVE',area:'Oficina Redes'}	{name:'Câ”śĂ­mara IP Domo 2MPX Dahua',status:'ACTIVE',area:'Sin asignar'}	104.28.166.238	\N	t	\N	2026-06-19 11:54:18.262536	\N	\N
189	3	IngOscar	UPDATE	Asset	17	Câ”śĂ­mara IP Domo 2MPX Dahua	{name:'Câ”śĂ­mara IP Domo 2MPX Dahua',status:'ACTIVE',area:'Oficina Redes'}	{name:'Câ”śĂ­mara IP Domo 2MPX Dahua',status:'ACTIVE',area:'Sin asignar'}	104.28.166.238	\N	t	\N	2026-06-19 11:54:26.859345	\N	\N
191	3	IngOscar	UPDATE	Asset	20	Câ”śĂ­mara IP Domo 2MPX Dahua	{name:'Câ”śĂ­mara IP Domo 2MPX Dahua',status:'ACTIVE',area:'Oficina Redes'}	{name:'Câ”śĂ­mara IP Domo 2MPX Dahua',status:'ACTIVE',area:'Sin asignar'}	104.28.166.238	\N	t	\N	2026-06-19 11:54:35.407123	\N	\N
193	3	IngOscar	UPDATE	Asset	22	Câ”śĂ­mara IP Domo 2MPX Dahua	{name:'Câ”śĂ­mara IP Domo 2MPX Dahua',status:'ACTIVE',area:'Oficina Redes'}	{name:'Câ”śĂ­mara IP Domo 2MPX Dahua',status:'ACTIVE',area:'Sin asignar'}	104.28.166.238	\N	t	\N	2026-06-19 11:54:43.504323	\N	\N
195	3	IngOscar	UPDATE	Asset	24	Câ”śĂ­mara IP Domo 2MPX Dahua	{name:'Câ”śĂ­mara IP Domo 2MPX Dahua',status:'ACTIVE',area:'Oficina Redes'}	{name:'Câ”śĂ­mara IP Domo 2MPX Dahua',status:'ACTIVE',area:'Sin asignar'}	104.28.166.238	\N	t	\N	2026-06-19 11:54:51.667843	\N	\N
167	3	IngOscar	UPDATE	Asset	32	Câ”śĂ­mara IP Domo 2MPX Dahua	{name:'Câ”śĂ­mara IP Domo 2MPX Dahua',status:'ACTIVE',area:'N/A'}	{name:'Câ”śĂ­mara IP Domo 2MPX Dahua',status:'ACTIVE',area:'Oficina Redes'}	104.28.166.238	\N	t	\N	2026-06-19 11:46:31.440017	\N	\N
169	3	IngOscar	UPDATE	Asset	34	Câ”śĂ­mara IP Domo 2MPX Dahua	{name:'Câ”śĂ­mara IP Domo 2MPX Dahua',status:'ACTIVE',area:'N/A'}	{name:'Câ”śĂ­mara IP Domo 2MPX Dahua',status:'ACTIVE',area:'Oficina Redes'}	104.28.166.238	\N	t	\N	2026-06-19 11:46:42.697685	\N	\N
171	3	IngOscar	UPDATE	Asset	189	Archivador Superior	{name:'Archivador Superior',status:'ACTIVE',area:'N/A'}	{name:'Archivador Superior',status:'ACTIVE',area:'Oficina Redes'}	104.28.166.238	\N	t	\N	2026-06-19 11:47:51.190072	\N	\N
173	3	IngOscar	UPDATE	Asset	3	Patch Panel 24P Cat6A Blindado	{name:'Patch Panel 24P Cat6A Blindado',status:'ACTIVE',area:'2C1'}	{name:'Patch Panel 24P Cat6A Blindado',status:'ACTIVE',area:'2C1'}	104.28.166.238	\N	t	\N	2026-06-19 11:50:29.640198	\N	\N
175	3	IngOscar	UPDATE	Asset	9	Switch 24P TP-Link TL-SG1024	{name:'Switch 24P TP-Link TL-SG1024',status:'ACTIVE',area:'2C1'}	{name:'Switch 24P TP-Link TL-SG1024',status:'ACTIVE',area:'2C1'}	104.28.166.238	\N	t	\N	2026-06-19 11:50:38.324349	\N	\N
180	3	IngOscar	UPDATE	Asset	6	Switch 24P TP-Link TL-SG1024	{name:'Switch 24P TP-Link TL-SG1024',status:'ACTIVE',area:'N/A'}	{name:'Switch 24P TP-Link TL-SG1024',status:'ACTIVE',area:'Sin asignar'}	104.28.166.238	\N	t	\N	2026-06-19 11:51:01.857792	\N	\N
182	3	IngOscar	UPDATE	Asset	36	Câ”śĂ­mara IP Domo 2MPX Dahua	{name:'Câ”śĂ­mara IP Domo 2MPX Dahua',status:'ACTIVE',area:'N/A'}	{name:'Câ”śĂ­mara IP Domo 2MPX Dahua',status:'ACTIVE',area:'Sin asignar'}	104.28.166.238	\N	t	\N	2026-06-19 11:51:27.326523	\N	\N
184	3	IngOscar	UPDATE	Asset	12	Câ”śĂ­mara IP Domo 2MPX Dahua	{name:'Câ”śĂ­mara IP Domo 2MPX Dahua',status:'ACTIVE',area:'Oficina Redes'}	{name:'Câ”śĂ­mara IP Domo 2MPX Dahua',status:'ACTIVE',area:'Sin asignar'}	104.28.166.238	\N	t	\N	2026-06-19 11:54:02.438727	\N	\N
186	3	IngOscar	UPDATE	Asset	18	Câ”śĂ­mara IP Domo 2MPX Dahua	{name:'Câ”śĂ­mara IP Domo 2MPX Dahua',status:'ACTIVE',area:'Oficina Redes'}	{name:'Câ”śĂ­mara IP Domo 2MPX Dahua',status:'ACTIVE',area:'Sin asignar'}	104.28.166.238	\N	t	\N	2026-06-19 11:54:13.404757	\N	\N
188	3	IngOscar	UPDATE	Asset	13	Câ”śĂ­mara IP Domo 2MPX Dahua	{name:'Câ”śĂ­mara IP Domo 2MPX Dahua',status:'ACTIVE',area:'Oficina Redes'}	{name:'Câ”śĂ­mara IP Domo 2MPX Dahua',status:'ACTIVE',area:'Sin asignar'}	104.28.166.238	\N	t	\N	2026-06-19 11:54:22.246841	\N	\N
190	3	IngOscar	UPDATE	Asset	19	Câ”śĂ­mara IP Domo 2MPX Dahua	{name:'Câ”śĂ­mara IP Domo 2MPX Dahua',status:'ACTIVE',area:'Oficina Redes'}	{name:'Câ”śĂ­mara IP Domo 2MPX Dahua',status:'ACTIVE',area:'Sin asignar'}	104.28.166.238	\N	t	\N	2026-06-19 11:54:30.708536	\N	\N
192	3	IngOscar	UPDATE	Asset	21	Câ”śĂ­mara IP Domo 2MPX Dahua	{name:'Câ”śĂ­mara IP Domo 2MPX Dahua',status:'ACTIVE',area:'Oficina Redes'}	{name:'Câ”śĂ­mara IP Domo 2MPX Dahua',status:'ACTIVE',area:'Sin asignar'}	104.28.166.238	\N	t	\N	2026-06-19 11:54:39.983813	\N	\N
194	3	IngOscar	UPDATE	Asset	23	Câ”śĂ­mara IP Domo 2MPX Dahua	{name:'Câ”śĂ­mara IP Domo 2MPX Dahua',status:'ACTIVE',area:'Oficina Redes'}	{name:'Câ”śĂ­mara IP Domo 2MPX Dahua',status:'ACTIVE',area:'Sin asignar'}	104.28.166.238	\N	t	\N	2026-06-19 11:54:47.406154	\N	\N
196	3	IngOscar	UPDATE	Asset	25	Câ”śĂ­mara IP Domo 2MPX Dahua	{name:'Câ”śĂ­mara IP Domo 2MPX Dahua',status:'ACTIVE',area:'Oficina Redes'}	{name:'Câ”śĂ­mara IP Domo 2MPX Dahua',status:'ACTIVE',area:'Sin asignar'}	104.28.166.238	\N	t	\N	2026-06-19 11:54:56.509627	\N	\N
197	3	IngOscar	UPDATE	Asset	26	Câ”śĂ­mara IP Domo 2MPX Dahua	{name:'Câ”śĂ­mara IP Domo 2MPX Dahua',status:'ACTIVE',area:'Oficina Redes'}	{name:'Câ”śĂ­mara IP Domo 2MPX Dahua',status:'ACTIVE',area:'Sin asignar'}	104.28.166.238	\N	t	\N	2026-06-19 11:54:59.885443	\N	\N
198	3	IngOscar	UPDATE	Asset	28	Câ”śĂ­mara IP Domo 2MPX Dahua	{name:'Câ”śĂ­mara IP Domo 2MPX Dahua',status:'ACTIVE',area:'Oficina Redes'}	{name:'Câ”śĂ­mara IP Domo 2MPX Dahua',status:'ACTIVE',area:'Sin asignar'}	104.28.166.238	\N	t	\N	2026-06-19 11:55:03.58624	\N	\N
199	3	IngOscar	UPDATE	Asset	29	Câ”śĂ­mara IP Domo 2MPX Dahua	{name:'Câ”śĂ­mara IP Domo 2MPX Dahua',status:'ACTIVE',area:'Oficina Redes'}	{name:'Câ”śĂ­mara IP Domo 2MPX Dahua',status:'ACTIVE',area:'Sin asignar'}	104.28.166.238	\N	t	\N	2026-06-19 11:55:07.291237	\N	\N
200	3	IngOscar	UPDATE	Asset	30	Câ”śĂ­mara IP Domo 2MPX Dahua	{name:'Câ”śĂ­mara IP Domo 2MPX Dahua',status:'ACTIVE',area:'Oficina Redes'}	{name:'Câ”śĂ­mara IP Domo 2MPX Dahua',status:'ACTIVE',area:'Sin asignar'}	104.28.166.238	\N	t	\N	2026-06-19 11:55:11.620079	\N	\N
201	3	IngOscar	UPDATE	Asset	31	Câ”śĂ­mara IP Domo 2MPX Dahua	{name:'Câ”śĂ­mara IP Domo 2MPX Dahua',status:'ACTIVE',area:'Oficina Redes'}	{name:'Câ”śĂ­mara IP Domo 2MPX Dahua',status:'ACTIVE',area:'Sin asignar'}	104.28.166.238	\N	t	\N	2026-06-19 11:55:15.685484	\N	\N
202	3	IngOscar	UPDATE	Asset	32	Câ”śĂ­mara IP Domo 2MPX Dahua	{name:'Câ”śĂ­mara IP Domo 2MPX Dahua',status:'ACTIVE',area:'Oficina Redes'}	{name:'Câ”śĂ­mara IP Domo 2MPX Dahua',status:'ACTIVE',area:'Sin asignar'}	104.28.166.238	\N	t	\N	2026-06-19 11:55:20.504411	\N	\N
203	3	IngOscar	UPDATE	Asset	33	Câ”śĂ­mara IP Domo 2MPX Dahua	{name:'Câ”śĂ­mara IP Domo 2MPX Dahua',status:'ACTIVE',area:'Oficina Redes'}	{name:'Câ”śĂ­mara IP Domo 2MPX Dahua',status:'ACTIVE',area:'Sin asignar'}	104.28.166.238	\N	t	\N	2026-06-19 11:55:24.599406	\N	\N
204	3	IngOscar	UPDATE	Asset	34	Câ”śĂ­mara IP Domo 2MPX Dahua	{name:'Câ”śĂ­mara IP Domo 2MPX Dahua',status:'ACTIVE',area:'Oficina Redes'}	{name:'Câ”śĂ­mara IP Domo 2MPX Dahua',status:'ACTIVE',area:'Sin asignar'}	104.28.166.238	\N	t	\N	2026-06-19 11:55:28.838531	\N	\N
205	3	IngOscar	UPDATE	Asset	35	Câ”śĂ­mara IP Domo 2MPX Dahua	{name:'Câ”śĂ­mara IP Domo 2MPX Dahua',status:'ACTIVE',area:'Oficina Redes'}	{name:'Câ”śĂ­mara IP Domo 2MPX Dahua',status:'ACTIVE',area:'Sin asignar'}	104.28.166.238	\N	t	\N	2026-06-19 11:55:32.406879	\N	\N
206	3	IngOscar	UPDATE	Asset	189	Archivador Superior	{name:'Archivador Superior',status:'ACTIVE',area:'Oficina Redes'}	{name:'Archivador Superior',status:'ACTIVE',area:'Sin asignar'}	104.28.166.238	\N	t	\N	2026-06-19 11:55:37.35281	\N	\N
207	3	IngOscar	UPDATE	Asset	37	Câ”śĂ­mara IP Domo 2MPX Dahua	{name:'Câ”śĂ­mara IP Domo 2MPX Dahua',status:'ACTIVE',area:'N/A'}	{name:'Câ”śĂ­mara IP Domo 2MPX Dahua',status:'ACTIVE',area:'Sin asignar'}	104.28.166.238	\N	t	\N	2026-06-19 11:55:48.602249	\N	\N
208	3	IngOscar	UPDATE	Asset	38	Câ”śĂ­mara IP Domo 2MPX Dahua	{name:'Câ”śĂ­mara IP Domo 2MPX Dahua',status:'ACTIVE',area:'N/A'}	{name:'Câ”śĂ­mara IP Domo 2MPX Dahua',status:'ACTIVE',area:'Sin asignar'}	104.28.166.238	\N	t	\N	2026-06-19 11:55:59.955775	\N	\N
209	3	IngOscar	UPDATE	Asset	39	Câ”śĂ­mara IP Domo 2MPX Dahua	{name:'Câ”śĂ­mara IP Domo 2MPX Dahua',status:'ACTIVE',area:'N/A'}	{name:'Câ”śĂ­mara IP Domo 2MPX Dahua',status:'ACTIVE',area:'Sin asignar'}	104.28.166.238	\N	t	\N	2026-06-19 11:56:13.049717	\N	\N
210	3	IngOscar	UPDATE	Asset	40	Câ”śĂ­mara IP Domo 2MPX Dahua	{name:'Câ”śĂ­mara IP Domo 2MPX Dahua',status:'ACTIVE',area:'N/A'}	{name:'Câ”śĂ­mara IP Domo 2MPX Dahua',status:'ACTIVE',area:'Sin asignar'}	104.28.166.238	\N	t	\N	2026-06-19 11:56:24.016975	\N	\N
211	3	IngOscar	UPDATE	Asset	41	Câ”śĂ­mara IP Domo 2MPX Dahua	{name:'Câ”śĂ­mara IP Domo 2MPX Dahua',status:'ACTIVE',area:'N/A'}	{name:'Câ”śĂ­mara IP Domo 2MPX Dahua',status:'ACTIVE',area:'Sin asignar'}	104.28.166.238	\N	t	\N	2026-06-19 11:56:32.791313	\N	\N
212	3	IngOscar	UPDATE	Asset	42	Câ”śĂ­mara IP Domo 2MPX Dahua	{name:'Câ”śĂ­mara IP Domo 2MPX Dahua',status:'ACTIVE',area:'N/A'}	{name:'Câ”śĂ­mara IP Domo 2MPX Dahua',status:'ACTIVE',area:'Sin asignar'}	104.28.166.238	\N	t	\N	2026-06-19 11:56:45.525686	\N	\N
213	3	IngOscar	UPDATE	Asset	43	Câ”śĂ­mara IP Domo 2MPX Dahua	{name:'Câ”śĂ­mara IP Domo 2MPX Dahua',status:'ACTIVE',area:'N/A'}	{name:'Câ”śĂ­mara IP Domo 2MPX Dahua',status:'ACTIVE',area:'Sin asignar'}	104.28.166.238	\N	t	\N	2026-06-19 11:57:00.260357	\N	\N
214	3	IngOscar	UPDATE	Asset	44	Câ”śĂ­mara IP Domo 2MPX Dahua	{name:'Câ”śĂ­mara IP Domo 2MPX Dahua',status:'ACTIVE',area:'N/A'}	{name:'Câ”śĂ­mara IP Domo 2MPX Dahua',status:'ACTIVE',area:'Sin asignar'}	104.28.166.238	\N	t	\N	2026-06-19 11:57:10.581493	\N	\N
215	3	IngOscar	UPDATE	Asset	45	Câ”śĂ­mara IP Domo 2MPX Dahua	{name:'Câ”śĂ­mara IP Domo 2MPX Dahua',status:'ACTIVE',area:'N/A'}	{name:'Câ”śĂ­mara IP Domo 2MPX Dahua',status:'ACTIVE',area:'Sin asignar'}	104.28.166.238	\N	t	\N	2026-06-19 11:57:19.180968	\N	\N
217	3	IngOscar	UPDATE	Asset	47	Câ”śĂ­mara IP Domo 2MPX Dahua	{name:'Câ”śĂ­mara IP Domo 2MPX Dahua',status:'ACTIVE',area:'N/A'}	{name:'Câ”śĂ­mara IP Domo 2MPX Dahua',status:'ACTIVE',area:'Sin asignar'}	104.28.166.238	\N	t	\N	2026-06-19 11:57:38.526439	\N	\N
219	3	IngOscar	UPDATE	Asset	49	Câ”śĂ­mara IP Domo 2MPX Dahua	{name:'Câ”śĂ­mara IP Domo 2MPX Dahua',status:'ACTIVE',area:'N/A'}	{name:'Câ”śĂ­mara IP Domo 2MPX Dahua',status:'ACTIVE',area:'Sin asignar'}	104.28.166.238	\N	t	\N	2026-06-19 11:57:58.464453	\N	\N
221	3	IngOscar	UPDATE	Asset	51	Câ”śĂ­mara IP Domo 2MPX Dahua	{name:'Câ”śĂ­mara IP Domo 2MPX Dahua',status:'ACTIVE',area:'N/A'}	{name:'Câ”śĂ­mara IP Domo 2MPX Dahua',status:'ACTIVE',area:'Sin asignar'}	104.28.166.238	\N	t	\N	2026-06-19 11:58:16.649368	\N	\N
223	3	IngOscar	UPDATE	Asset	54	Câ”śĂ­mara IP Domo 2MPX Dahua	{name:'Câ”śĂ­mara IP Domo 2MPX Dahua',status:'ACTIVE',area:'N/A'}	{name:'Câ”śĂ­mara IP Domo 2MPX Dahua',status:'ACTIVE',area:'Sin asignar'}	104.28.166.238	\N	t	\N	2026-06-19 11:58:35.513848	\N	\N
225	3	IngOscar	UPDATE	Asset	56	Câ”śĂ­mara IP Domo 2MPX Dahua	{name:'Câ”śĂ­mara IP Domo 2MPX Dahua',status:'ACTIVE',area:'N/A'}	{name:'Câ”śĂ­mara IP Domo 2MPX Dahua',status:'ACTIVE',area:'Sin asignar'}	104.28.166.238	\N	t	\N	2026-06-19 11:58:56.655775	\N	\N
227	3	IngOscar	UPDATE	Asset	58	Câ”śĂ­mara IP Domo 2MPX Dahua	{name:'Câ”śĂ­mara IP Domo 2MPX Dahua',status:'ACTIVE',area:'N/A'}	{name:'Câ”śĂ­mara IP Domo 2MPX Dahua',status:'ACTIVE',area:'Sin asignar'}	104.28.166.238	\N	t	\N	2026-06-19 11:59:15.888317	\N	\N
229	3	IngOscar	UPDATE	Asset	60	Câ”śĂ­mara IP Domo 2MPX Dahua	{name:'Câ”śĂ­mara IP Domo 2MPX Dahua',status:'ACTIVE',area:'N/A'}	{name:'Câ”śĂ­mara IP Domo 2MPX Dahua',status:'ACTIVE',area:'Sin asignar'}	104.28.166.238	\N	t	\N	2026-06-19 11:59:34.688929	\N	\N
231	3	IngOscar	UPDATE	Asset	62	Câ”śĂ­mara IP Domo 2MPX Dahua	{name:'Câ”śĂ­mara IP Domo 2MPX Dahua',status:'ACTIVE',area:'N/A'}	{name:'Câ”śĂ­mara IP Domo 2MPX Dahua',status:'ACTIVE',area:'Sin asignar'}	104.28.166.238	\N	t	\N	2026-06-19 11:59:51.559509	\N	\N
233	3	IngOscar	UPDATE	Asset	64	Câ”śĂ­mara IP Bala 2MPX Dahua	{name:'Câ”śĂ­mara IP Bala 2MPX Dahua',status:'ACTIVE',area:'N/A'}	{name:'Câ”śĂ­mara IP Bala 2MPX Dahua',status:'ACTIVE',area:'Sin asignar'}	104.28.166.238	\N	t	\N	2026-06-19 12:00:10.200342	\N	\N
234	3	IngOscar	UPDATE	Asset	65	Câ”śĂ­mara IP Bala 2MPX Dahua	{name:'Câ”śĂ­mara IP Bala 2MPX Dahua',status:'ACTIVE',area:'N/A'}	{name:'Câ”śĂ­mara IP Bala 2MPX Dahua',status:'ACTIVE',area:'Sin asignar'}	104.28.166.238	\N	t	\N	2026-06-19 12:00:21.755837	\N	\N
216	3	IngOscar	UPDATE	Asset	46	Câ”śĂ­mara IP Domo 2MPX Dahua	{name:'Câ”śĂ­mara IP Domo 2MPX Dahua',status:'ACTIVE',area:'N/A'}	{name:'Câ”śĂ­mara IP Domo 2MPX Dahua',status:'ACTIVE',area:'Sin asignar'}	104.28.166.238	\N	t	\N	2026-06-19 11:57:29.95101	\N	\N
218	3	IngOscar	UPDATE	Asset	48	Câ”śĂ­mara IP Domo 2MPX Dahua	{name:'Câ”śĂ­mara IP Domo 2MPX Dahua',status:'ACTIVE',area:'N/A'}	{name:'Câ”śĂ­mara IP Domo 2MPX Dahua',status:'ACTIVE',area:'Sin asignar'}	104.28.166.238	\N	t	\N	2026-06-19 11:57:48.440328	\N	\N
220	3	IngOscar	UPDATE	Asset	50	Câ”śĂ­mara IP Domo 2MPX Dahua	{name:'Câ”śĂ­mara IP Domo 2MPX Dahua',status:'ACTIVE',area:'N/A'}	{name:'Câ”śĂ­mara IP Domo 2MPX Dahua',status:'ACTIVE',area:'Sin asignar'}	104.28.166.238	\N	t	\N	2026-06-19 11:58:07.800506	\N	\N
222	3	IngOscar	UPDATE	Asset	52	Câ”śĂ­mara IP Domo 2MPX Dahua	{name:'Câ”śĂ­mara IP Domo 2MPX Dahua',status:'ACTIVE',area:'N/A'}	{name:'Câ”śĂ­mara IP Domo 2MPX Dahua',status:'ACTIVE',area:'Sin asignar'}	104.28.166.238	\N	t	\N	2026-06-19 11:58:26.785088	\N	\N
224	3	IngOscar	UPDATE	Asset	55	Câ”śĂ­mara IP Domo 2MPX Dahua	{name:'Câ”śĂ­mara IP Domo 2MPX Dahua',status:'ACTIVE',area:'N/A'}	{name:'Câ”śĂ­mara IP Domo 2MPX Dahua',status:'ACTIVE',area:'Sin asignar'}	104.28.166.238	\N	t	\N	2026-06-19 11:58:46.766661	\N	\N
226	3	IngOscar	UPDATE	Asset	57	Câ”śĂ­mara IP Domo 2MPX Dahua	{name:'Câ”śĂ­mara IP Domo 2MPX Dahua',status:'ACTIVE',area:'N/A'}	{name:'Câ”śĂ­mara IP Domo 2MPX Dahua',status:'ACTIVE',area:'Sin asignar'}	104.28.166.238	\N	t	\N	2026-06-19 11:59:06.153619	\N	\N
228	3	IngOscar	UPDATE	Asset	59	Câ”śĂ­mara IP Domo 2MPX Dahua	{name:'Câ”śĂ­mara IP Domo 2MPX Dahua',status:'ACTIVE',area:'N/A'}	{name:'Câ”śĂ­mara IP Domo 2MPX Dahua',status:'ACTIVE',area:'Sin asignar'}	104.28.166.238	\N	t	\N	2026-06-19 11:59:25.591736	\N	\N
230	3	IngOscar	UPDATE	Asset	61	Câ”śĂ­mara IP Domo 2MPX Dahua	{name:'Câ”śĂ­mara IP Domo 2MPX Dahua',status:'ACTIVE',area:'N/A'}	{name:'Câ”śĂ­mara IP Domo 2MPX Dahua',status:'ACTIVE',area:'Sin asignar'}	104.28.166.238	\N	t	\N	2026-06-19 11:59:43.402989	\N	\N
232	3	IngOscar	UPDATE	Asset	63	Câ”śĂ­mara IP Bala 2MPX Dahua	{name:'Câ”śĂ­mara IP Bala 2MPX Dahua',status:'ACTIVE',area:'N/A'}	{name:'Câ”śĂ­mara IP Bala 2MPX Dahua',status:'ACTIVE',area:'Sin asignar'}	104.28.166.238	\N	t	\N	2026-06-19 11:59:59.851415	\N	\N
235	3	IngOscar	UPDATE	Asset	66	Câ”śĂ­mara IP Bala 2MPX Dahua	{name:'Câ”śĂ­mara IP Bala 2MPX Dahua',status:'ACTIVE',area:'N/A'}	{name:'Câ”śĂ­mara IP Bala 2MPX Dahua',status:'ACTIVE',area:'Sin asignar'}	104.28.166.238	\N	t	\N	2026-06-19 12:00:30.397538	\N	\N
237	3	IngOscar	UPDATE	Asset	68	Câ”śĂ­mara IP Bala 2MPX Dahua	{name:'Câ”śĂ­mara IP Bala 2MPX Dahua',status:'ACTIVE',area:'N/A'}	{name:'Câ”śĂ­mara IP Bala 2MPX Dahua',status:'ACTIVE',area:'Sin asignar'}	104.28.166.238	\N	t	\N	2026-06-19 12:00:47.795019	\N	\N
239	3	IngOscar	UPDATE	Asset	106	Patch Panel 24P Cat6A	{name:'Patch Panel 24P Cat6A',status:'ACTIVE',area:'N/A'}	{name:'Patch Panel 24P Cat6A',status:'ACTIVE',area:'Sin asignar'}	104.28.166.238	\N	t	\N	2026-06-19 12:01:51.42279	\N	\N
241	3	IngOscar	UPDATE	Asset	108	Patch Panel 24P Cat6A	{name:'Patch Panel 24P Cat6A',status:'ACTIVE',area:'N/A'}	{name:'Patch Panel 24P Cat6A',status:'ACTIVE',area:'Sin asignar'}	104.28.166.238	\N	t	\N	2026-06-19 12:02:36.051726	\N	\N
243	3	IngOscar	UPDATE	Asset	110	Probador de Red WiFi Fluke	{name:'Probador de Red WiFi Fluke',status:'ACTIVE',area:'N/A'}	{name:'Probador de Red WiFi Fluke',status:'ACTIVE',area:'Sin asignar'}	104.28.166.238	\N	t	\N	2026-06-19 12:03:11.743898	\N	\N
244	3	IngOscar	UPDATE	Asset	111	Switch HP 24P	{name:'Switch HP 24P',status:'ACTIVE',area:'N/A'}	{name:'Switch HP 24P',status:'ACTIVE',area:'Sin asignar'}	104.28.166.238	\N	t	\N	2026-06-19 12:03:29.959444	\N	\N
246	3	IngOscar	UPDATE	Asset	113	Câ”śĂ­mara Web Logitech BC950	{name:'Câ”śĂ­mara Web Logitech BC950',status:'ACTIVE',area:'N/A'}	{name:'Câ”śĂ­mara Web Logitech BC950',status:'ACTIVE',area:'Sin asignar'}	104.28.166.238	\N	t	\N	2026-06-19 12:04:06.971921	\N	\N
248	3	IngOscar	UPDATE	Asset	115	Botiquâ”śÂˇn de Pared	{name:'Botiquâ”śÂˇn de Pared',status:'ACTIVE',area:'N/A'}	{name:'Botiquâ”śÂˇn de Pared',status:'ACTIVE',area:'Sin asignar'}	104.28.166.238	\N	t	\N	2026-06-19 12:04:41.531463	\N	\N
250	3	IngOscar	UPDATE	Asset	117	Archivador Inferior	{name:'Archivador Inferior',status:'ACTIVE',area:'N/A'}	{name:'Archivador Inferior',status:'ACTIVE',area:'Sin asignar'}	104.28.166.238	\N	t	\N	2026-06-19 12:05:09.937004	\N	\N
252	3	IngOscar	UPDATE	Asset	119	Silla Giratoria en Paâ”śâ–’o	{name:'Silla Giratoria en Paâ”śâ–’o',status:'ACTIVE',area:'N/A'}	{name:'Silla Giratoria en Paâ”śâ–’o',status:'ACTIVE',area:'Sin asignar'}	104.28.166.238	\N	t	\N	2026-06-19 12:05:43.732594	\N	\N
254	3	IngOscar	UPDATE	Asset	121	Persiana	{name:'Persiana',status:'ACTIVE',area:'N/A'}	{name:'Persiana',status:'ACTIVE',area:'Sin asignar'}	104.28.166.238	\N	t	\N	2026-06-19 12:06:20.849398	\N	\N
256	3	IngOscar	UPDATE	Asset	123	Perforadora 3 Huecos	{name:'Perforadora 3 Huecos',status:'ACTIVE',area:'N/A'}	{name:'Perforadora 3 Huecos',status:'ACTIVE',area:'Sin asignar'}	104.28.166.238	\N	t	\N	2026-06-19 12:06:53.925094	\N	\N
258	3	IngOscar	UPDATE	Asset	125	Silla Interlocutora sin Brazos	{name:'Silla Interlocutora sin Brazos',status:'ACTIVE',area:'N/A'}	{name:'Silla Interlocutora sin Brazos',status:'ACTIVE',area:'Sin asignar'}	104.28.166.238	\N	t	\N	2026-06-19 12:07:28.82871	\N	\N
260	3	IngOscar	UPDATE	Asset	127	Mâ”śâ”‚dulo Puesto de Câ”śâ”‚mputo 80x60	{name:'Mâ”śâ”‚dulo Puesto de Câ”śâ”‚mputo 80x60',status:'ACTIVE',area:'N/A'}	{name:'Mâ”śâ”‚dulo Puesto de Câ”śâ”‚mputo 80x60',status:'ACTIVE',area:'Sin asignar'}	104.28.166.238	\N	t	\N	2026-06-19 12:07:56.237193	\N	\N
262	3	IngOscar	UPDATE	Asset	129	Mâ”śâ”‚dulo Puesto de Câ”śâ”‚mputo 210x60	{name:'Mâ”śâ”‚dulo Puesto de Câ”śâ”‚mputo 210x60',status:'ACTIVE',area:'N/A'}	{name:'Mâ”śâ”‚dulo Puesto de Câ”śâ”‚mputo 210x60',status:'ACTIVE',area:'Sin asignar'}	104.28.166.238	\N	t	\N	2026-06-19 12:08:22.653001	\N	\N
264	3	IngOscar	UPDATE	Asset	131	Superficie de Trabajo	{name:'Superficie de Trabajo',status:'ACTIVE',area:'N/A'}	{name:'Superficie de Trabajo',status:'ACTIVE',area:'Sin asignar'}	104.28.166.238	\N	t	\N	2026-06-19 12:08:50.580355	\N	\N
236	3	IngOscar	UPDATE	Asset	67	Câ”śĂ­mara IP Bala 2MPX Dahua	{name:'Câ”śĂ­mara IP Bala 2MPX Dahua',status:'ACTIVE',area:'N/A'}	{name:'Câ”śĂ­mara IP Bala 2MPX Dahua',status:'ACTIVE',area:'Sin asignar'}	104.28.166.238	\N	t	\N	2026-06-19 12:00:39.223251	\N	\N
238	3	IngOscar	UPDATE	Asset	69	Câ”śĂ­mara IP Bala 2MPX Dahua	{name:'Câ”śĂ­mara IP Bala 2MPX Dahua',status:'ACTIVE',area:'N/A'}	{name:'Câ”śĂ­mara IP Bala 2MPX Dahua',status:'ACTIVE',area:'Sin asignar'}	104.28.166.238	\N	t	\N	2026-06-19 12:01:29.173487	\N	\N
240	3	IngOscar	UPDATE	Asset	107	Patch Panel 24P Cat6A	{name:'Patch Panel 24P Cat6A',status:'ACTIVE',area:'N/A'}	{name:'Patch Panel 24P Cat6A',status:'ACTIVE',area:'Sin asignar'}	104.28.166.238	\N	t	\N	2026-06-19 12:02:11.064527	\N	\N
242	3	IngOscar	UPDATE	Asset	109	Patch Panel 24P Cat6A	{name:'Patch Panel 24P Cat6A',status:'ACTIVE',area:'N/A'}	{name:'Patch Panel 24P Cat6A',status:'ACTIVE',area:'Sin asignar'}	104.28.166.238	\N	t	\N	2026-06-19 12:02:52.082633	\N	\N
245	3	IngOscar	UPDATE	Asset	112	Switch HP 24P	{name:'Switch HP 24P',status:'ACTIVE',area:'N/A'}	{name:'Switch HP 24P',status:'ACTIVE',area:'Sin asignar'}	104.28.166.238	\N	t	\N	2026-06-19 12:03:48.742908	\N	\N
247	3	IngOscar	UPDATE	Asset	114	Altavoz Jabra Speak 510	{name:'Altavoz Jabra Speak 510',status:'ACTIVE',area:'N/A'}	{name:'Altavoz Jabra Speak 510',status:'ACTIVE',area:'Sin asignar'}	104.28.166.238	\N	t	\N	2026-06-19 12:04:22.093075	\N	\N
249	3	IngOscar	UPDATE	Asset	116	Archivador Lateral 2x60	{name:'Archivador Lateral 2x60',status:'ACTIVE',area:'N/A'}	{name:'Archivador Lateral 2x60',status:'ACTIVE',area:'Sin asignar'}	104.28.166.238	\N	t	\N	2026-06-19 12:04:55.400925	\N	\N
251	3	IngOscar	UPDATE	Asset	118	Gabinete Superior	{name:'Gabinete Superior',status:'ACTIVE',area:'N/A'}	{name:'Gabinete Superior',status:'ACTIVE',area:'Sin asignar'}	104.28.166.238	\N	t	\N	2026-06-19 12:05:26.845689	\N	\N
253	3	IngOscar	UPDATE	Asset	120	Archivador Inferior	{name:'Archivador Inferior',status:'ACTIVE',area:'N/A'}	{name:'Archivador Inferior',status:'ACTIVE',area:'Sin asignar'}	104.28.166.238	\N	t	\N	2026-06-19 12:06:03.090345	\N	\N
255	3	IngOscar	UPDATE	Asset	122	Cosedora de Grapa 26/6	{name:'Cosedora de Grapa 26/6',status:'ACTIVE',area:'N/A'}	{name:'Cosedora de Grapa 26/6',status:'ACTIVE',area:'Sin asignar'}	104.28.166.238	\N	t	\N	2026-06-19 12:06:37.024606	\N	\N
257	3	IngOscar	UPDATE	Asset	124	Silla Interlocutora sin Brazos	{name:'Silla Interlocutora sin Brazos',status:'ACTIVE',area:'N/A'}	{name:'Silla Interlocutora sin Brazos',status:'ACTIVE',area:'Sin asignar'}	104.28.166.238	\N	t	\N	2026-06-19 12:07:13.891447	\N	\N
259	3	IngOscar	UPDATE	Asset	126	Silla Interlocutora sin Brazos	{name:'Silla Interlocutora sin Brazos',status:'ACTIVE',area:'N/A'}	{name:'Silla Interlocutora sin Brazos',status:'ACTIVE',area:'Sin asignar'}	104.28.166.238	\N	t	\N	2026-06-19 12:07:42.845998	\N	\N
261	3	IngOscar	UPDATE	Asset	128	Mâ”śâ”‚dulo Puesto de Câ”śâ”‚mputo 80x60	{name:'Mâ”śâ”‚dulo Puesto de Câ”śâ”‚mputo 80x60',status:'ACTIVE',area:'N/A'}	{name:'Mâ”śâ”‚dulo Puesto de Câ”śâ”‚mputo 80x60',status:'ACTIVE',area:'Sin asignar'}	104.28.166.238	\N	t	\N	2026-06-19 12:08:09.605843	\N	\N
263	3	IngOscar	UPDATE	Asset	130	Cortina Enrollable Screen 2.03x2.40	{name:'Cortina Enrollable Screen 2.03x2.40',status:'ACTIVE',area:'N/A'}	{name:'Cortina Enrollable Screen 2.03x2.40',status:'ACTIVE',area:'Sin asignar'}	104.28.166.238	\N	t	\N	2026-06-19 12:08:38.278756	\N	\N
265	3	IngOscar	UPDATE	Asset	132	Archivador Inferior	{name:'Archivador Inferior',status:'ACTIVE',area:'N/A'}	{name:'Archivador Inferior',status:'ACTIVE',area:'Sin asignar'}	104.28.166.238	\N	t	\N	2026-06-19 12:09:02.863229	\N	\N
266	3	IngOscar	UPDATE	Asset	70	Câ”śĂ­mara IP Bala 2MPX Dahua	{name:'Câ”śĂ­mara IP Bala 2MPX Dahua',status:'ACTIVE',area:'N/A'}	{name:'Câ”śĂ­mara IP Bala 2MPX Dahua',status:'ACTIVE',area:'Sin asignar'}	104.28.166.238	\N	t	\N	2026-06-19 12:09:38.508609	\N	\N
267	3	IngOscar	UPDATE	Asset	134	Extintor ABC 10 Libras	{name:'Extintor ABC 10 Libras',status:'ACTIVE',area:'N/A'}	{name:'Extintor ABC 10 Libras',status:'ACTIVE',area:'Sin asignar'}	104.28.166.238	\N	t	\N	2026-06-19 12:10:00.392521	\N	\N
268	3	IngOscar	UPDATE	Asset	135	UPS Online 2KVA	{name:'UPS Online 2KVA',status:'ACTIVE',area:'N/A'}	{name:'UPS Online 2KVA',status:'ACTIVE',area:'Sin asignar'}	104.28.166.238	\N	t	\N	2026-06-19 12:10:13.260636	\N	\N
269	3	IngOscar	UPDATE	Asset	136	Chasis Blade IBM	{name:'Chasis Blade IBM',status:'ACTIVE',area:'N/A'}	{name:'Chasis Blade IBM',status:'ACTIVE',area:'Sin asignar'}	104.28.166.238	\N	t	\N	2026-06-19 12:10:30.341939	\N	\N
270	3	IngOscar	UPDATE	Asset	137	Teclado HP con Mouse	{name:'Teclado HP con Mouse',status:'ACTIVE',area:'N/A'}	{name:'Teclado HP con Mouse',status:'ACTIVE',area:'Sin asignar'}	104.28.166.238	\N	t	\N	2026-06-19 12:10:43.49742	\N	\N
271	3	IngOscar	UPDATE	Asset	138	Monitor HP LV1911	{name:'Monitor HP LV1911',status:'ACTIVE',area:'N/A'}	{name:'Monitor HP LV1911',status:'ACTIVE',area:'Sin asignar'}	104.28.166.238	\N	t	\N	2026-06-19 12:10:55.683316	\N	\N
272	3	IngOscar	UPDATE	Asset	139	PC Escritorio Core i7-3770	{name:'PC Escritorio Core i7-3770',status:'ACTIVE',area:'N/A'}	{name:'PC Escritorio Core i7-3770',status:'ACTIVE',area:'Sin asignar'}	104.28.166.238	\N	t	\N	2026-06-19 12:11:07.296196	\N	\N
273	3	IngOscar	UPDATE	Asset	140	Portâ”śĂ­til Lenovo	{name:'Portâ”śĂ­til Lenovo',status:'ACTIVE',area:'N/A'}	{name:'Portâ”śĂ­til Lenovo',status:'ACTIVE',area:'Sin asignar'}	104.28.166.238	\N	t	\N	2026-06-19 12:11:19.824829	\N	\N
274	3	IngOscar	UPDATE	Asset	141	Câ”śĂ­mara IP Bala HD 2MP Dahua	{name:'Câ”śĂ­mara IP Bala HD 2MP Dahua',status:'ACTIVE',area:'N/A'}	{name:'Câ”śĂ­mara IP Bala HD 2MP Dahua',status:'ACTIVE',area:'Sin asignar'}	104.28.166.238	\N	t	\N	2026-06-19 12:11:33.721535	\N	\N
275	3	IngOscar	UPDATE	Asset	142	Câ”śĂ­mara IP Bala HD 2MP Dahua	{name:'Câ”śĂ­mara IP Bala HD 2MP Dahua',status:'ACTIVE',area:'N/A'}	{name:'Câ”śĂ­mara IP Bala HD 2MP Dahua',status:'ACTIVE',area:'Sin asignar'}	104.28.166.238	\N	t	\N	2026-06-19 12:11:50.403206	\N	\N
276	3	IngOscar	UPDATE	Asset	143	Estante Metâ”śĂ­lico 6 Bandejas	{name:'Estante Metâ”śĂ­lico 6 Bandejas',status:'ACTIVE',area:'N/A'}	{name:'Estante Metâ”śĂ­lico 6 Bandejas',status:'ACTIVE',area:'Sin asignar'}	104.28.166.238	\N	t	\N	2026-06-19 12:12:06.940378	\N	\N
277	3	IngOscar	UPDATE	Asset	144	Estante Metâ”śĂ­lico 6 Bandejas	{name:'Estante Metâ”śĂ­lico 6 Bandejas',status:'ACTIVE',area:'N/A'}	{name:'Estante Metâ”śĂ­lico 6 Bandejas',status:'ACTIVE',area:'Sin asignar'}	104.28.166.238	\N	t	\N	2026-06-19 12:12:21.00993	\N	\N
278	3	IngOscar	UPDATE	Asset	243	Switch 48P	{name:'Switch 48P',status:'ACTIVE',area:'N/A'}	{name:'Switch 48P',status:'ACTIVE',area:'Sin asignar'}	104.28.166.238	\N	t	\N	2026-06-19 12:12:33.449331	\N	\N
279	3	IngOscar	UPDATE	Asset	133	Archivador Inferior	{name:'Archivador Inferior',status:'ACTIVE',area:'N/A'}	{name:'Archivador Inferior',status:'ACTIVE',area:'Sin asignar'}	104.28.166.238	\N	t	\N	2026-06-19 12:12:48.115376	\N	\N
280	3	IngOscar	UPDATE	Asset	105	Patch Panel 24P Cat6A	{name:'Patch Panel 24P Cat6A',status:'ACTIVE',area:'N/A'}	{name:'Patch Panel 24P Cat6A',status:'ACTIVE',area:'Sin asignar'}	104.28.166.238	\N	t	\N	2026-06-19 12:13:01.431526	\N	\N
281	3	IngOscar	UPDATE	Asset	104	NVR 4K Dahua NVR4232	{name:'NVR 4K Dahua NVR4232',status:'ACTIVE',area:'N/A'}	{name:'NVR 4K Dahua NVR4232',status:'ACTIVE',area:'Sin asignar'}	104.28.166.238	\N	t	\N	2026-06-19 12:13:21.801864	\N	\N
282	3	IngOscar	UPDATE	Asset	14	Câ”śĂ­mara IP Domo 2MPX Dahua	{name:'Câ”śĂ­mara IP Domo 2MPX Dahua',status:'ACTIVE',area:'Sin asignar'}	{name:'Câ”śĂ­mara IP Domo 2MPX Dahua',status:'ACTIVE',area:'Sin asignar'}	104.28.166.238	\N	t	\N	2026-06-19 12:13:30.361728	\N	\N
284	3	IngOscar	UPDATE	Asset	103	NVR 4K Dahua NVR4232	{name:'NVR 4K Dahua NVR4232',status:'ACTIVE',area:'N/A'}	{name:'NVR 4K Dahua NVR4232',status:'ACTIVE',area:'Sin asignar'}	104.28.166.238	\N	t	\N	2026-06-19 12:13:55.365464	\N	\N
285	3	IngOscar	UPDATE	Asset	57	Câ”śĂ­mara IP Domo 2MPX Dahua	{name:'Câ”śĂ­mara IP Domo 2MPX Dahua',status:'ACTIVE',area:'Sin asignar'}	{name:'Câ”śĂ­mara IP Domo 2MPX Dahua',status:'ACTIVE',area:'Sin asignar'}	104.28.166.238	\N	t	\N	2026-06-19 12:14:04.188678	\N	\N
288	3	IngOscar	UPDATE	Asset	102	NVR 4K Dahua NVR4232	{name:'NVR 4K Dahua NVR4232',status:'ACTIVE',area:'N/A'}	{name:'NVR 4K Dahua NVR4232',status:'ACTIVE',area:'Sin asignar'}	104.28.166.238	\N	t	\N	2026-06-19 12:15:57.688704	\N	\N
290	3	IngOscar	UPDATE	Asset	73	Câ”śĂ­mara IP Bala 2MPX Dahua	{name:'Câ”śĂ­mara IP Bala 2MPX Dahua',status:'ACTIVE',area:'N/A'}	{name:'Câ”śĂ­mara IP Bala 2MPX Dahua',status:'ACTIVE',area:'Sin asignar'}	104.28.166.238	\N	t	\N	2026-06-19 12:16:29.471071	\N	\N
292	3	IngOscar	UPDATE	Asset	100	Câ”śĂ­mara IP Bala 2MPX Dahua	{name:'Câ”śĂ­mara IP Bala 2MPX Dahua',status:'ACTIVE',area:'N/A'}	{name:'Câ”śĂ­mara IP Bala 2MPX Dahua',status:'ACTIVE',area:'Sin asignar'}	104.28.166.238	\N	t	\N	2026-06-19 12:16:51.294724	\N	\N
294	3	IngOscar	UPDATE	Asset	98	Câ”śĂ­mara IP Bala 2MPX Dahua	{name:'Câ”śĂ­mara IP Bala 2MPX Dahua',status:'ACTIVE',area:'N/A'}	{name:'Câ”śĂ­mara IP Bala 2MPX Dahua',status:'ACTIVE',area:'Sin asignar'}	104.28.166.238	\N	t	\N	2026-06-19 12:17:12.351872	\N	\N
296	3	IngOscar	UPDATE	Asset	96	Câ”śĂ­mara IP Bala 2MPX Dahua	{name:'Câ”śĂ­mara IP Bala 2MPX Dahua',status:'ACTIVE',area:'N/A'}	{name:'Câ”śĂ­mara IP Bala 2MPX Dahua',status:'ACTIVE',area:'Sin asignar'}	104.28.166.238	\N	t	\N	2026-06-19 12:17:35.346791	\N	\N
297	3	IngOscar	UPDATE	Asset	95	Câ”śĂ­mara IP Bala 2MPX Dahua	{name:'Câ”śĂ­mara IP Bala 2MPX Dahua',status:'ACTIVE',area:'N/A'}	{name:'Câ”śĂ­mara IP Bala 2MPX Dahua',status:'ACTIVE',area:'Sin asignar'}	104.28.166.238	\N	t	\N	2026-06-19 12:17:47.326856	\N	\N
299	3	IngOscar	UPDATE	Asset	93	Câ”śĂ­mara IP Bala 2MPX Dahua	{name:'Câ”śĂ­mara IP Bala 2MPX Dahua',status:'ACTIVE',area:'N/A'}	{name:'Câ”śĂ­mara IP Bala 2MPX Dahua',status:'ACTIVE',area:'Sin asignar'}	104.28.166.238	\N	t	\N	2026-06-19 12:18:09.665406	\N	\N
301	3	IngOscar	UPDATE	Asset	91	Câ”śĂ­mara IP Bala 2MPX Dahua	{name:'Câ”śĂ­mara IP Bala 2MPX Dahua',status:'ACTIVE',area:'N/A'}	{name:'Câ”śĂ­mara IP Bala 2MPX Dahua',status:'ACTIVE',area:'Sin asignar'}	104.28.166.238	\N	t	\N	2026-06-19 12:18:29.595326	\N	\N
303	3	IngOscar	UPDATE	Asset	89	Câ”śĂ­mara IP Bala 2MPX Dahua	{name:'Câ”śĂ­mara IP Bala 2MPX Dahua',status:'ACTIVE',area:'N/A'}	{name:'Câ”śĂ­mara IP Bala 2MPX Dahua',status:'ACTIVE',area:'Sin asignar'}	104.28.166.238	\N	t	\N	2026-06-19 12:18:49.323073	\N	\N
305	3	IngOscar	UPDATE	Asset	87	Câ”śĂ­mara IP Bala 2MPX Dahua	{name:'Câ”śĂ­mara IP Bala 2MPX Dahua',status:'ACTIVE',area:'N/A'}	{name:'Câ”śĂ­mara IP Bala 2MPX Dahua',status:'ACTIVE',area:'Sin asignar'}	104.28.166.238	\N	t	\N	2026-06-19 12:19:10.908638	\N	\N
306	3	IngOscar	UPDATE	Asset	86	Câ”śĂ­mara IP Bala 2MPX Dahua	{name:'Câ”śĂ­mara IP Bala 2MPX Dahua',status:'ACTIVE',area:'N/A'}	{name:'Câ”śĂ­mara IP Bala 2MPX Dahua',status:'ACTIVE',area:'Sin asignar'}	104.28.166.238	\N	t	\N	2026-06-19 12:19:20.932779	\N	\N
308	3	IngOscar	UPDATE	Asset	84	Câ”śĂ­mara IP Bala 2MPX Dahua	{name:'Câ”śĂ­mara IP Bala 2MPX Dahua',status:'ACTIVE',area:'N/A'}	{name:'Câ”śĂ­mara IP Bala 2MPX Dahua',status:'ACTIVE',area:'Sin asignar'}	104.28.166.238	\N	t	\N	2026-06-19 12:19:40.788603	\N	\N
310	3	IngOscar	UPDATE	Asset	75	Câ”śĂ­mara IP Bala 2MPX Dahua	{name:'Câ”śĂ­mara IP Bala 2MPX Dahua',status:'ACTIVE',area:'N/A'}	{name:'Câ”śĂ­mara IP Bala 2MPX Dahua',status:'ACTIVE',area:'Sin asignar'}	104.28.166.238	\N	t	\N	2026-06-19 12:20:10.920711	\N	\N
312	3	IngOscar	UPDATE	Asset	77	Câ”śĂ­mara IP Bala 2MPX Dahua	{name:'Câ”śĂ­mara IP Bala 2MPX Dahua',status:'ACTIVE',area:'N/A'}	{name:'Câ”śĂ­mara IP Bala 2MPX Dahua',status:'ACTIVE',area:'Sin asignar'}	104.28.166.238	\N	t	\N	2026-06-19 12:20:33.470132	\N	\N
314	3	IngOscar	UPDATE	Asset	79	Câ”śĂ­mara IP Bala 2MPX Dahua	{name:'Câ”śĂ­mara IP Bala 2MPX Dahua',status:'ACTIVE',area:'N/A'}	{name:'Câ”śĂ­mara IP Bala 2MPX Dahua',status:'ACTIVE',area:'Sin asignar'}	104.28.166.238	\N	t	\N	2026-06-19 12:21:00.701511	\N	\N
316	3	IngOscar	UPDATE	Asset	81	Câ”śĂ­mara IP Bala 2MPX Dahua	{name:'Câ”śĂ­mara IP Bala 2MPX Dahua',status:'ACTIVE',area:'N/A'}	{name:'Câ”śĂ­mara IP Bala 2MPX Dahua',status:'ACTIVE',area:'Sin asignar'}	104.28.166.238	\N	t	\N	2026-06-19 12:21:24.779037	\N	\N
318	3	IngOscar	UPDATE	Asset	83	Câ”śĂ­mara IP Bala 2MPX Dahua	{name:'Câ”śĂ­mara IP Bala 2MPX Dahua',status:'ACTIVE',area:'N/A'}	{name:'Câ”śĂ­mara IP Bala 2MPX Dahua',status:'ACTIVE',area:'Sin asignar'}	104.28.166.238	\N	t	\N	2026-06-19 12:21:47.297042	\N	\N
320	3	IngOscar	UPDATE	Asset	146	Estante Metâ”śĂ­lico 6 Bandejas	{name:'Estante Metâ”śĂ­lico 6 Bandejas',status:'ACTIVE',area:'N/A'}	{name:'Estante Metâ”śĂ­lico 6 Bandejas',status:'ACTIVE',area:'Sin asignar'}	104.28.166.238	\N	t	\N	2026-06-19 12:22:35.939505	\N	\N
322	3	IngOscar	UPDATE	Asset	150	Bandeja Fibra LC - CRIA	{name:'Bandeja Fibra LC - CRIA',status:'ACTIVE',area:'N/A'}	{name:'Bandeja Fibra LC - CRIA',status:'ACTIVE',area:'Sin asignar'}	104.28.166.238	\N	t	\N	2026-06-19 12:25:42.292019	\N	\N
283	3	IngOscar	UPDATE	Asset	71	Câ”śĂ­mara IP Bala 2MPX Dahua	{name:'Câ”śĂ­mara IP Bala 2MPX Dahua',status:'ACTIVE',area:'N/A'}	{name:'Câ”śĂ­mara IP Bala 2MPX Dahua',status:'ACTIVE',area:'Sin asignar'}	104.28.166.238	\N	t	\N	2026-06-19 12:13:44.73181	\N	\N
286	3	IngOscar	UPDATE	Asset	72	Câ”śĂ­mara IP Bala 2MPX Dahua	{name:'Câ”śĂ­mara IP Bala 2MPX Dahua',status:'ACTIVE',area:'N/A'}	{name:'Câ”śĂ­mara IP Bala 2MPX Dahua',status:'ACTIVE',area:'Sin asignar'}	104.28.166.238	\N	t	\N	2026-06-19 12:14:51.904465	\N	\N
287	3	IngOscar	UPDATE	Asset	8	Switch 24P TP-Link TL-SG1024	{name:'Switch 24P TP-Link TL-SG1024',status:'ACTIVE',area:'Bienestar Universitario'}	{name:'Switch 24P TP-Link TL-SG1024',status:'ACTIVE',area:'Bienestar Universitario'}	104.28.166.238	\N	t	\N	2026-06-19 12:15:44.236977	\N	\N
289	3	IngOscar	UPDATE	Asset	242	Switch 48P	{name:'Switch 48P',status:'ACTIVE',area:'N/A'}	{name:'Switch 48P',status:'ACTIVE',area:'Sin asignar'}	104.28.166.238	\N	t	\N	2026-06-19 12:16:16.567954	\N	\N
291	3	IngOscar	UPDATE	Asset	101	Câ”śĂ­mara PTZ 2MPX Dahua	{name:'Câ”śĂ­mara PTZ 2MPX Dahua',status:'ACTIVE',area:'N/A'}	{name:'Câ”śĂ­mara PTZ 2MPX Dahua',status:'ACTIVE',area:'Sin asignar'}	104.28.166.238	\N	t	\N	2026-06-19 12:16:40.308921	\N	\N
293	3	IngOscar	UPDATE	Asset	99	Câ”śĂ­mara IP Bala 2MPX Dahua	{name:'Câ”śĂ­mara IP Bala 2MPX Dahua',status:'ACTIVE',area:'N/A'}	{name:'Câ”śĂ­mara IP Bala 2MPX Dahua',status:'ACTIVE',area:'Sin asignar'}	104.28.166.238	\N	t	\N	2026-06-19 12:17:01.198569	\N	\N
295	3	IngOscar	UPDATE	Asset	97	Câ”śĂ­mara IP Bala 2MPX Dahua	{name:'Câ”śĂ­mara IP Bala 2MPX Dahua',status:'ACTIVE',area:'N/A'}	{name:'Câ”śĂ­mara IP Bala 2MPX Dahua',status:'ACTIVE',area:'Sin asignar'}	104.28.166.238	\N	t	\N	2026-06-19 12:17:23.686179	\N	\N
298	3	IngOscar	UPDATE	Asset	94	Câ”śĂ­mara IP Bala 2MPX Dahua	{name:'Câ”śĂ­mara IP Bala 2MPX Dahua',status:'ACTIVE',area:'N/A'}	{name:'Câ”śĂ­mara IP Bala 2MPX Dahua',status:'ACTIVE',area:'Sin asignar'}	104.28.166.238	\N	t	\N	2026-06-19 12:17:59.071241	\N	\N
300	3	IngOscar	UPDATE	Asset	92	Câ”śĂ­mara IP Bala 2MPX Dahua	{name:'Câ”śĂ­mara IP Bala 2MPX Dahua',status:'ACTIVE',area:'N/A'}	{name:'Câ”śĂ­mara IP Bala 2MPX Dahua',status:'ACTIVE',area:'Sin asignar'}	104.28.166.238	\N	t	\N	2026-06-19 12:18:19.419205	\N	\N
302	3	IngOscar	UPDATE	Asset	90	Câ”śĂ­mara IP Bala 2MPX Dahua	{name:'Câ”śĂ­mara IP Bala 2MPX Dahua',status:'ACTIVE',area:'N/A'}	{name:'Câ”śĂ­mara IP Bala 2MPX Dahua',status:'ACTIVE',area:'Sin asignar'}	104.28.166.238	\N	t	\N	2026-06-19 12:18:39.331637	\N	\N
304	3	IngOscar	UPDATE	Asset	88	Câ”śĂ­mara IP Bala 2MPX Dahua	{name:'Câ”śĂ­mara IP Bala 2MPX Dahua',status:'ACTIVE',area:'N/A'}	{name:'Câ”śĂ­mara IP Bala 2MPX Dahua',status:'ACTIVE',area:'Sin asignar'}	104.28.166.238	\N	t	\N	2026-06-19 12:19:00.023489	\N	\N
307	3	IngOscar	UPDATE	Asset	85	Câ”śĂ­mara IP Bala 2MPX Dahua	{name:'Câ”śĂ­mara IP Bala 2MPX Dahua',status:'ACTIVE',area:'N/A'}	{name:'Câ”śĂ­mara IP Bala 2MPX Dahua',status:'ACTIVE',area:'Sin asignar'}	104.28.166.238	\N	t	\N	2026-06-19 12:19:30.478258	\N	\N
309	3	IngOscar	UPDATE	Asset	74	Câ”śĂ­mara IP Bala 2MPX Dahua	{name:'Câ”śĂ­mara IP Bala 2MPX Dahua',status:'ACTIVE',area:'N/A'}	{name:'Câ”śĂ­mara IP Bala 2MPX Dahua',status:'ACTIVE',area:'Sin asignar'}	104.28.166.238	\N	t	\N	2026-06-19 12:19:51.74228	\N	\N
311	3	IngOscar	UPDATE	Asset	76	Câ”śĂ­mara IP Bala 2MPX Dahua	{name:'Câ”śĂ­mara IP Bala 2MPX Dahua',status:'ACTIVE',area:'N/A'}	{name:'Câ”śĂ­mara IP Bala 2MPX Dahua',status:'ACTIVE',area:'Sin asignar'}	104.28.166.238	\N	t	\N	2026-06-19 12:20:23.252756	\N	\N
313	3	IngOscar	UPDATE	Asset	78	Câ”śĂ­mara IP Bala 2MPX Dahua	{name:'Câ”śĂ­mara IP Bala 2MPX Dahua',status:'ACTIVE',area:'N/A'}	{name:'Câ”śĂ­mara IP Bala 2MPX Dahua',status:'ACTIVE',area:'Sin asignar'}	104.28.166.238	\N	t	\N	2026-06-19 12:20:45.965709	\N	\N
315	3	IngOscar	UPDATE	Asset	80	Câ”śĂ­mara IP Bala 2MPX Dahua	{name:'Câ”śĂ­mara IP Bala 2MPX Dahua',status:'ACTIVE',area:'N/A'}	{name:'Câ”śĂ­mara IP Bala 2MPX Dahua',status:'ACTIVE',area:'Sin asignar'}	104.28.166.238	\N	t	\N	2026-06-19 12:21:14.588564	\N	\N
317	3	IngOscar	UPDATE	Asset	82	Câ”śĂ­mara IP Bala 2MPX Dahua	{name:'Câ”śĂ­mara IP Bala 2MPX Dahua',status:'ACTIVE',area:'N/A'}	{name:'Câ”śĂ­mara IP Bala 2MPX Dahua',status:'ACTIVE',area:'Sin asignar'}	104.28.166.238	\N	t	\N	2026-06-19 12:21:37.332505	\N	\N
319	3	IngOscar	UPDATE	Asset	145	Estante Metâ”śĂ­lico 6 Bandejas	{name:'Estante Metâ”śĂ­lico 6 Bandejas',status:'ACTIVE',area:'N/A'}	{name:'Estante Metâ”śĂ­lico 6 Bandejas',status:'ACTIVE',area:'Sin asignar'}	104.28.166.238	\N	t	\N	2026-06-19 12:22:16.085265	\N	\N
321	3	IngOscar	UPDATE	Asset	147	Switch de Core	{name:'Switch de Core',status:'ACTIVE',area:'N/A'}	{name:'Switch de Core',status:'ACTIVE',area:'Sin asignar'}	104.28.166.238	\N	t	\N	2026-06-19 12:23:25.391299	\N	\N
323	3	IngOscar	UPDATE	Asset	155	Patch Panel 24P Cat6A Blindado	{name:'Patch Panel 24P Cat6A Blindado',status:'ACTIVE',area:'N/A'}	{name:'Patch Panel 24P Cat6A Blindado',status:'ACTIVE',area:'Sin asignar'}	104.28.166.238	\N	t	\N	2026-06-19 12:25:57.827767	\N	\N
324	3	IngOscar	UPDATE	Asset	156	Patch Panel 24P Cat6A Blindado	{name:'Patch Panel 24P Cat6A Blindado',status:'ACTIVE',area:'N/A'}	{name:'Patch Panel 24P Cat6A Blindado',status:'ACTIVE',area:'Sin asignar'}	104.28.166.238	\N	t	\N	2026-06-19 12:26:17.070098	\N	\N
325	3	IngOscar	UPDATE	Asset	157	Patch Panel 24P Cat6A Blindado	{name:'Patch Panel 24P Cat6A Blindado',status:'ACTIVE',area:'N/A'}	{name:'Patch Panel 24P Cat6A Blindado',status:'ACTIVE',area:'Sin asignar'}	104.28.166.238	\N	t	\N	2026-06-19 12:26:34.933001	\N	\N
326	3	IngOscar	UPDATE	Asset	158	Patch Panel 24P Cat6A Blindado	{name:'Patch Panel 24P Cat6A Blindado',status:'ACTIVE',area:'N/A'}	{name:'Patch Panel 24P Cat6A Blindado',status:'ACTIVE',area:'Sin asignar'}	104.28.166.238	\N	t	\N	2026-06-19 12:27:35.480466	\N	\N
327	3	IngOscar	UPDATE	Asset	159	Patch Panel 24P Cat6A Blindado	{name:'Patch Panel 24P Cat6A Blindado',status:'ACTIVE',area:'N/A'}	{name:'Patch Panel 24P Cat6A Blindado',status:'ACTIVE',area:'Sin asignar'}	104.28.166.238	\N	t	\N	2026-06-19 12:27:51.756765	\N	\N
328	3	IngOscar	UPDATE	Asset	160	Patch Panel 24P Cat6A Blindado	{name:'Patch Panel 24P Cat6A Blindado',status:'ACTIVE',area:'N/A'}	{name:'Patch Panel 24P Cat6A Blindado',status:'ACTIVE',area:'Sin asignar'}	104.28.166.238	\N	t	\N	2026-06-19 12:28:06.530186	\N	\N
329	3	IngOscar	UPDATE	Asset	161	Patch Panel 24P Cat6A Blindado	{name:'Patch Panel 24P Cat6A Blindado',status:'ACTIVE',area:'N/A'}	{name:'Patch Panel 24P Cat6A Blindado',status:'ACTIVE',area:'Sin asignar'}	104.28.166.238	\N	t	\N	2026-06-19 12:28:21.298538	\N	\N
330	3	IngOscar	UPDATE	Asset	162	Patch Panel 24P Cat6A Blindado	{name:'Patch Panel 24P Cat6A Blindado',status:'ACTIVE',area:'N/A'}	{name:'Patch Panel 24P Cat6A Blindado',status:'ACTIVE',area:'Sin asignar'}	104.28.166.238	\N	t	\N	2026-06-19 12:28:36.974669	\N	\N
331	3	IngOscar	UPDATE	Asset	163	Patch Panel 24P Cat6A Blindado	{name:'Patch Panel 24P Cat6A Blindado',status:'ACTIVE',area:'N/A'}	{name:'Patch Panel 24P Cat6A Blindado',status:'ACTIVE',area:'Sin asignar'}	104.28.166.238	\N	t	\N	2026-06-19 12:28:51.548501	\N	\N
332	3	IngOscar	UPDATE	Asset	164	Patch Panel 24P Cat6A Blindado	{name:'Patch Panel 24P Cat6A Blindado',status:'ACTIVE',area:'N/A'}	{name:'Patch Panel 24P Cat6A Blindado',status:'ACTIVE',area:'Sin asignar'}	104.28.166.238	\N	t	\N	2026-06-19 12:29:09.625051	\N	\N
333	3	IngOscar	UPDATE	Asset	165	Router Cloud CCR1016-12G	{name:'Router Cloud CCR1016-12G',status:'ACTIVE',area:'N/A'}	{name:'Router Cloud CCR1016-12G',status:'ACTIVE',area:'Sin asignar'}	104.28.166.238	\N	t	\N	2026-06-19 12:29:23.668601	\N	\N
335	3	IngOscar	UPDATE	Asset	167	Conmutador Administrable 48P PoE	{name:'Conmutador Administrable 48P PoE',status:'ACTIVE',area:'N/A'}	{name:'Conmutador Administrable 48P PoE',status:'ACTIVE',area:'Sin asignar'}	104.28.166.238	\N	t	\N	2026-06-19 12:29:50.269154	\N	\N
337	3	IngOscar	UPDATE	Asset	169	Processmeter 789	{name:'Processmeter 789',status:'ACTIVE',area:'N/A'}	{name:'Processmeter 789',status:'ACTIVE',area:'Sin asignar'}	104.28.166.238	\N	t	\N	2026-06-19 12:30:16.724627	\N	\N
339	3	IngOscar	UPDATE	Asset	171	Gabinete Pared 16U x 50cm	{name:'Gabinete Pared 16U x 50cm',status:'ACTIVE',area:'N/A'}	{name:'Gabinete Pared 16U x 50cm',status:'ACTIVE',area:'Sin asignar'}	104.28.166.238	\N	t	\N	2026-06-19 12:30:46.721043	\N	\N
334	3	IngOscar	UPDATE	Asset	166	Switch Linksys 26P Gigabit	{name:'Switch Linksys 26P Gigabit',status:'ACTIVE',area:'N/A'}	{name:'Switch Linksys 26P Gigabit',status:'ACTIVE',area:'Sin asignar'}	104.28.166.238	\N	t	\N	2026-06-19 12:29:38.304091	\N	\N
336	3	IngOscar	UPDATE	Asset	168	iMac Pro	{name:'iMac Pro',status:'ACTIVE',area:'N/A'}	{name:'iMac Pro',status:'ACTIVE',area:'Sin asignar'}	104.28.166.238	\N	t	\N	2026-06-19 12:30:02.578368	\N	\N
338	3	IngOscar	UPDATE	Asset	170	Portâ”śĂ­til Lenovo ThinkPad E14	{name:'Portâ”śĂ­til Lenovo ThinkPad E14',status:'ACTIVE',area:'N/A'}	{name:'Portâ”śĂ­til Lenovo ThinkPad E14',status:'ACTIVE',area:'Sin asignar'}	104.28.166.238	\N	t	\N	2026-06-19 12:30:27.82965	\N	\N
340	3	IngOscar	UPDATE	Asset	172	Aire Acondicionado Mini Split 12000BTU	{name:'Aire Acondicionado Mini Split 12000BTU',status:'ACTIVE',area:'N/A'}	{name:'Aire Acondicionado Mini Split 12000BTU',status:'ACTIVE',area:'Sin asignar'}	104.28.166.238	\N	t	\N	2026-06-19 12:31:06.72781	\N	\N
341	3	IngOscar	UPDATE	Asset	173	Patch Panel Cat5 Precableado 24P	{name:'Patch Panel Cat5 Precableado 24P',status:'ACTIVE',area:'N/A'}	{name:'Patch Panel Cat5 Precableado 24P',status:'ACTIVE',area:'Sin asignar'}	104.28.166.238	\N	t	\N	2026-06-19 12:32:16.757566	\N	\N
342	3	IngOscar	UPDATE	Asset	174	Patch Panel Cat6 Precableado 24P	{name:'Patch Panel Cat6 Precableado 24P',status:'ACTIVE',area:'N/A'}	{name:'Patch Panel Cat6 Precableado 24P',status:'ACTIVE',area:'Sin asignar'}	104.28.166.238	\N	t	\N	2026-06-19 12:32:32.452432	\N	\N
343	3	IngOscar	UPDATE	Asset	175	Generador Chicharra Amplificador	{name:'Generador Chicharra Amplificador',status:'ACTIVE',area:'N/A'}	{name:'Generador Chicharra Amplificador',status:'ACTIVE',area:'Sin asignar'}	104.28.166.238	\N	t	\N	2026-06-19 12:32:45.351184	\N	\N
344	3	IngOscar	UPDATE	Asset	176	Taladro Percutor	{name:'Taladro Percutor',status:'ACTIVE',area:'N/A'}	{name:'Taladro Percutor',status:'ACTIVE',area:'Sin asignar'}	104.28.166.238	\N	t	\N	2026-06-19 12:33:03.686117	\N	\N
345	3	IngOscar	UPDATE	Asset	177	Tajalâ”śĂ­piz Elâ”śÂ®ctrico	{name:'Tajalâ”śĂ­piz Elâ”śÂ®ctrico',status:'ACTIVE',area:'N/A'}	{name:'Tajalâ”śĂ­piz Elâ”śÂ®ctrico',status:'ACTIVE',area:'Sin asignar'}	104.28.166.238	\N	t	\N	2026-06-19 12:33:22.897159	\N	\N
346	3	IngOscar	UPDATE	Asset	178	Escalera Tijera Aluminio 3 Pasos	{name:'Escalera Tijera Aluminio 3 Pasos',status:'ACTIVE',area:'N/A'}	{name:'Escalera Tijera Aluminio 3 Pasos',status:'ACTIVE',area:'Sin asignar'}	104.28.166.238	\N	t	\N	2026-06-19 12:33:41.201462	\N	\N
347	3	IngOscar	UPDATE	Asset	179	Escalera Extensiâ”śâ”‚n Aluminio 4 Secciones	{name:'Escalera Extensiâ”śâ”‚n Aluminio 4 Secciones',status:'ACTIVE',area:'N/A'}	{name:'Escalera Extensiâ”śâ”‚n Aluminio 4 Secciones',status:'ACTIVE',area:'Sin asignar'}	104.28.166.238	\N	t	\N	2026-06-19 12:34:00.527998	\N	\N
348	3	IngOscar	UPDATE	Asset	180	Sopladora Aspiradora 600W	{name:'Sopladora Aspiradora 600W',status:'ACTIVE',area:'N/A'}	{name:'Sopladora Aspiradora 600W',status:'ACTIVE',area:'Sin asignar'}	104.28.166.238	\N	t	\N	2026-06-19 12:34:13.064382	\N	\N
349	3	IngOscar	UPDATE	Asset	181	Taladro Rotomartillo 800W	{name:'Taladro Rotomartillo 800W',status:'ACTIVE',area:'N/A'}	{name:'Taladro Rotomartillo 800W',status:'ACTIVE',area:'Sin asignar'}	104.28.166.238	\N	t	\N	2026-06-19 12:34:25.875937	\N	\N
350	3	IngOscar	UPDATE	Asset	182	Gabinete Metâ”śĂ­lico Quest	{name:'Gabinete Metâ”śĂ­lico Quest',status:'ACTIVE',area:'N/A'}	{name:'Gabinete Metâ”śĂ­lico Quest',status:'ACTIVE',area:'Sin asignar'}	104.28.166.238	\N	t	\N	2026-06-19 12:34:39.645511	\N	\N
351	3	IngOscar	UPDATE	Asset	183	Estabilizador 1000VA Monofâ”śĂ­sico	{name:'Estabilizador 1000VA Monofâ”śĂ­sico',status:'ACTIVE',area:'N/A'}	{name:'Estabilizador 1000VA Monofâ”śĂ­sico',status:'ACTIVE',area:'Sin asignar'}	104.28.166.238	\N	t	\N	2026-06-19 12:34:53.358532	\N	\N
352	3	IngOscar	UPDATE	Asset	184	Holt Metâ”śĂ­lico	{name:'Holt Metâ”śĂ­lico',status:'ACTIVE',area:'N/A'}	{name:'Holt Metâ”śĂ­lico',status:'ACTIVE',area:'Sin asignar'}	104.28.166.238	\N	t	\N	2026-06-19 12:35:05.571537	\N	\N
353	3	IngOscar	UPDATE	Asset	185	Gabinete Pared 19''	{name:'Gabinete Pared 19''',status:'ACTIVE',area:'N/A'}	{name:'Gabinete Pared 19''',status:'ACTIVE',area:'Sin asignar'}	104.28.166.238	\N	t	\N	2026-06-19 12:35:23.933817	\N	\N
354	3	IngOscar	UPDATE	Asset	186	Superficie de Trabajo	{name:'Superficie de Trabajo',status:'ACTIVE',area:'N/A'}	{name:'Superficie de Trabajo',status:'ACTIVE',area:'Sin asignar'}	104.28.166.238	\N	t	\N	2026-06-19 12:35:37.212667	\N	\N
355	3	IngOscar	UPDATE	Asset	187	Gabinete 19''	{name:'Gabinete 19''',status:'ACTIVE',area:'N/A'}	{name:'Gabinete 19''',status:'ACTIVE',area:'Sin asignar'}	104.28.166.238	\N	t	\N	2026-06-19 12:35:50.983888	\N	\N
356	3	IngOscar	UPDATE	Asset	188	Superficie de Trabajo Redes	{name:'Superficie de Trabajo Redes',status:'ACTIVE',area:'N/A'}	{name:'Superficie de Trabajo Redes',status:'ACTIVE',area:'Sin asignar'}	104.28.166.238	\N	t	\N	2026-06-19 12:36:12.214218	\N	\N
357	3	IngOscar	UPDATE	Asset	190	Gabinete Piso Madera	{name:'Gabinete Piso Madera',status:'ACTIVE',area:'N/A'}	{name:'Gabinete Piso Madera',status:'ACTIVE',area:'Sin asignar'}	104.28.166.238	\N	t	\N	2026-06-19 12:36:37.425526	\N	\N
358	3	IngOscar	UPDATE	Asset	191	Silla Interlocutora Fija	{name:'Silla Interlocutora Fija',status:'ACTIVE',area:'N/A'}	{name:'Silla Interlocutora Fija',status:'ACTIVE',area:'Sin asignar'}	104.28.166.238	\N	t	\N	2026-06-19 12:36:55.717231	\N	\N
359	3	IngOscar	UPDATE	Asset	192	Gabinete Metâ”śĂ­lico	{name:'Gabinete Metâ”śĂ­lico',status:'ACTIVE',area:'N/A'}	{name:'Gabinete Metâ”śĂ­lico',status:'ACTIVE',area:'Sin asignar'}	104.28.166.238	\N	t	\N	2026-06-19 12:37:17.736457	\N	\N
360	3	IngOscar	UPDATE	Asset	193	Gabinete Piso 19'' - Rat Telefâ”śâ”‚nico	{name:'Gabinete Piso 19'' - Rat Telefâ”śâ”‚nico',status:'ACTIVE',area:'N/A'}	{name:'Gabinete Piso 19'' - Rat Telefâ”śâ”‚nico',status:'ACTIVE',area:'Sin asignar'}	104.28.166.238	\N	t	\N	2026-06-19 12:37:34.077481	\N	\N
361	3	IngOscar	UPDATE	Asset	194	Mueble Madera 1.47x1.3x0.40	{name:'Mueble Madera 1.47x1.3x0.40',status:'ACTIVE',area:'N/A'}	{name:'Mueble Madera 1.47x1.3x0.40',status:'ACTIVE',area:'Sin asignar'}	104.28.166.238	\N	t	\N	2026-06-19 12:37:52.920739	\N	\N
362	3	IngOscar	UPDATE	Asset	195	Gabinete RMS - Decanatura C. Naturales	{name:'Gabinete RMS - Decanatura C. Naturales',status:'ACTIVE',area:'N/A'}	{name:'Gabinete RMS - Decanatura C. Naturales',status:'ACTIVE',area:'Sin asignar'}	104.28.166.238	\N	t	\N	2026-06-19 12:38:07.656582	\N	\N
363	3	IngOscar	UPDATE	Asset	225	Patch Panel 48P Siemon	{name:'Patch Panel 48P Siemon',status:'ACTIVE',area:'N/A'}	{name:'Patch Panel 48P Siemon',status:'ACTIVE',area:'Sin asignar'}	104.28.166.238	\N	t	\N	2026-06-19 12:38:21.304767	\N	\N
364	3	IngOscar	UPDATE	Asset	196	Gabinete de Pared RMS	{name:'Gabinete de Pared RMS',status:'ACTIVE',area:'N/A'}	{name:'Gabinete de Pared RMS',status:'ACTIVE',area:'Sin asignar'}	104.28.166.238	\N	t	\N	2026-06-19 12:38:35.952197	\N	\N
365	3	IngOscar	UPDATE	Asset	197	Gabinete de Pared RMS	{name:'Gabinete de Pared RMS',status:'ACTIVE',area:'N/A'}	{name:'Gabinete de Pared RMS',status:'ACTIVE',area:'Sin asignar'}	104.28.166.238	\N	t	\N	2026-06-19 12:38:50.317179	\N	\N
366	3	IngOscar	UPDATE	Asset	198	Silla Giratoria	{name:'Silla Giratoria',status:'ACTIVE',area:'N/A'}	{name:'Silla Giratoria',status:'ACTIVE',area:'Sin asignar'}	104.28.166.238	\N	t	\N	2026-06-19 12:39:04.680075	\N	\N
367	3	IngOscar	UPDATE	Asset	199	Gabinete de Piso (Instalado)	{name:'Gabinete de Piso (Instalado)',status:'ACTIVE',area:'N/A'}	{name:'Gabinete de Piso (Instalado)',status:'ACTIVE',area:'Sin asignar'}	104.28.166.238	\N	t	\N	2026-06-19 12:39:21.888626	\N	\N
369	3	IngOscar	UPDATE	Asset	201	Gabinete de Piso (Instalado)	{name:'Gabinete de Piso (Instalado)',status:'ACTIVE',area:'N/A'}	{name:'Gabinete de Piso (Instalado)',status:'ACTIVE',area:'Sin asignar'}	104.28.166.238	\N	t	\N	2026-06-19 12:39:49.371445	\N	\N
371	3	IngOscar	UPDATE	Asset	203	Bandeja Fibra â”śĂ´ptica (Instalada)	{name:'Bandeja Fibra â”śĂ´ptica (Instalada)',status:'ACTIVE',area:'N/A'}	{name:'Bandeja Fibra â”śĂ´ptica (Instalada)',status:'ACTIVE',area:'Sin asignar'}	104.28.166.238	\N	t	\N	2026-06-19 12:40:17.048277	\N	\N
373	3	IngOscar	UPDATE	Asset	205	Bandeja Fibra â”śĂ´ptica (Instalada)	{name:'Bandeja Fibra â”śĂ´ptica (Instalada)',status:'ACTIVE',area:'N/A'}	{name:'Bandeja Fibra â”śĂ´ptica (Instalada)',status:'ACTIVE',area:'Sin asignar'}	104.28.166.238	\N	t	\N	2026-06-19 12:40:45.283762	\N	\N
375	3	IngOscar	UPDATE	Asset	207	Bandeja Fibra â”śĂ´ptica (Instalada)	{name:'Bandeja Fibra â”śĂ´ptica (Instalada)',status:'ACTIVE',area:'N/A'}	{name:'Bandeja Fibra â”śĂ´ptica (Instalada)',status:'ACTIVE',area:'Sin asignar'}	104.28.166.238	\N	t	\N	2026-06-19 12:41:13.700728	\N	\N
368	3	IngOscar	UPDATE	Asset	200	Bandeja Fibra â”śĂ´ptica (Instalada)	{name:'Bandeja Fibra â”śĂ´ptica (Instalada)',status:'ACTIVE',area:'N/A'}	{name:'Bandeja Fibra â”śĂ´ptica (Instalada)',status:'ACTIVE',area:'Sin asignar'}	104.28.166.238	\N	t	\N	2026-06-19 12:39:36.192061	\N	\N
370	3	IngOscar	UPDATE	Asset	202	Bandeja Fibra â”śĂ´ptica (Instalada)	{name:'Bandeja Fibra â”śĂ´ptica (Instalada)',status:'ACTIVE',area:'N/A'}	{name:'Bandeja Fibra â”śĂ´ptica (Instalada)',status:'ACTIVE',area:'Sin asignar'}	104.28.166.238	\N	t	\N	2026-06-19 12:40:03.165331	\N	\N
372	3	IngOscar	UPDATE	Asset	204	Gabinete de Piso (Instalado)	{name:'Gabinete de Piso (Instalado)',status:'ACTIVE',area:'N/A'}	{name:'Gabinete de Piso (Instalado)',status:'ACTIVE',area:'Sin asignar'}	104.28.166.238	\N	t	\N	2026-06-19 12:40:31.816208	\N	\N
374	3	IngOscar	UPDATE	Asset	206	Gabinete de Piso (Instalado)	{name:'Gabinete de Piso (Instalado)',status:'ACTIVE',area:'N/A'}	{name:'Gabinete de Piso (Instalado)',status:'ACTIVE',area:'Sin asignar'}	104.28.166.238	\N	t	\N	2026-06-19 12:40:58.458641	\N	\N
376	1	admin	LOGIN	User	1	admin	\N	\N	190.0.244.122	\N	t	\N	2026-06-19 13:44:33.642841	\N	\N
377	1	admin	LOGIN	User	1	admin	\N	\N	190.145.218.88	\N	t	\N	2026-06-19 14:56:30.048938	\N	\N
378	1	admin	UPDATE	Asset	8	Switch 24P TP-Link TL-SG1024	{name:'Switch 24P TP-Link TL-SG1024',status:'ACTIVE',area:'Bienestar Universitario'}	{name:'Switch 24P TP-Link TL-SG1024',status:'LOST',area:'Bienestar Universitario'}	190.0.244.122	\N	t	\N	2026-06-19 15:04:55.313591	\N	\N
379	1	admin	UPDATE	Asset	1	Monitor 24"	{name:'Monitor 24"',status:'ACTIVE',area:'Sin asignar'}	{name:'Monitor 24"',status:'RETIRED',area:'Sin asignar'}	190.0.244.122	\N	t	\N	2026-06-19 15:06:40.775927	\N	\N
380	1	admin	LOGIN	User	1	admin	\N	\N	190.0.244.122	\N	t	\N	2026-06-19 15:09:12.370433	\N	\N
381	1	admin	LOGIN	User	1	admin	\N	\N	190.0.244.122	\N	t	\N	2026-06-19 15:12:29.9558	\N	\N
382	1	admin	LOGIN	User	1	admin	\N	\N	190.145.218.88	\N	t	\N	2026-06-30 15:19:57.647835	\N	\N
383	1	admin	LOGIN	User	1	admin	\N	\N	104.28.166.240	\N	t	\N	2026-07-01 01:20:12.791269	\N	\N
384	1	admin	LOGIN	User	1	admin	\N	\N	0:0:0:0:0:0:0:1	\N	t	\N	2026-06-30 20:44:21.140301	\N	\N
385	1	admin	LOGIN	User	1	admin	\N	\N	0:0:0:0:0:0:0:1	\N	t	\N	2026-06-30 20:55:05.514635	\N	\N
386	1	admin	UPDATE	Asset	1	Monitor 24"	{name:'Monitor 24"',status:'RETIRED',area:'Sin asignar'}	{name:'Monitor 24"',status:'LOST',area:'Sin asignar'}	0:0:0:0:0:0:0:1	\N	t	\N	2026-06-30 21:05:01.838457	\N	\N
387	1	admin	UPDATE	Asset	1	Monitor 24"	{name:'Monitor 24"',status:'LOST',area:'Sin asignar'}	{name:'Monitor 24"',status:'LOST',area:'Sin asignar'}	0:0:0:0:0:0:0:1	\N	t	\N	2026-06-30 21:07:57.767411	\N	\N
388	1	admin	UPDATE	Asset	1	Monitor 24"	{name:'Monitor 24"',status:'LOST',area:'Sin asignar'}	{name:'Monitor 24"',status:'LOST',area:'Sin asignar'}	0:0:0:0:0:0:0:1	\N	t	\N	2026-06-30 21:08:11.527518	\N	\N
389	1	admin	LOGIN	User	1	admin	\N	\N	0:0:0:0:0:0:0:1	\N	t	\N	2026-06-30 23:13:36.050809	\N	\N
390	1	admin	UPDATE	Asset	1	Monitor 24"	{name:'Monitor 24"',status:'LOST',area:'Sin asignar'}	{name:'Monitor 24"',status:'LOST',area:'Sin asignar'}	0:0:0:0:0:0:0:1	\N	t	\N	2026-06-30 23:13:52.074766	\N	\N
391	1	admin	CREATE	Asset	269	ORUEB	\N	\N	0:0:0:0:0:0:0:1	\N	t	\N	2026-06-30 23:16:38.818236	\N	\N
392	4	usuario	LOGIN	User	4	usuario	\N	\N	0:0:0:0:0:0:0:1	\N	t	\N	2026-06-30 23:21:46.365574	\N	\N
393	1	admin	LOGIN	User	1	admin	\N	\N	0:0:0:0:0:0:0:1	\N	t	\N	2026-06-30 23:22:19.292951	\N	\N
394	1	admin	LOGIN	User	1	admin	\N	\N	0:0:0:0:0:0:0:1	\N	t	\N	2026-06-30 23:25:41.182927	\N	\N
395	1	admin	UPDATE	Asset	269	ORUEB	{name:'ORUEB',status:'LOST',area:'Bienestar Universitario'}	{name:'ORUEB',status:'RETIRED',area:'Bienestar Universitario'}	0:0:0:0:0:0:0:1	\N	t	\N	2026-06-30 23:25:56.51466	\N	\N
396	1	admin	UPDATE	Asset	269	ORUEB	{name:'ORUEB',status:'RETIRED',area:'Bienestar Universitario'}	{name:'ORUEB',status:'RETIRED',area:'Bienestar Universitario'}	0:0:0:0:0:0:0:1	\N	t	\N	2026-06-30 23:26:15.135369	\N	\N
397	1	admin	UPDATE	Asset	269	ORUEB	{name:'ORUEB',status:'RETIRED',area:'Bienestar Universitario'}	{name:'ORUEB',status:'LOST',area:'Bienestar Universitario'}	0:0:0:0:0:0:0:1	\N	t	\N	2026-06-30 23:26:45.763461	\N	\N
398	1	admin	LOGIN	User	1	admin	\N	\N	181.55.20.97	\N	t	\N	2026-07-01 04:29:20.626557	\N	\N
399	1	admin	LOGIN	User	1	admin	\N	\N	0:0:0:0:0:0:0:1	\N	t	\N	2026-06-30 23:37:55.826847	\N	\N
400	1	admin	LOGIN	User	1	admin	\N	\N	181.55.20.97	\N	t	\N	2026-07-01 18:57:12.483689	\N	\N
401	1	admin	LOGIN	User	1	admin	\N	\N	104.28.153.53	\N	t	\N	2026-07-02 01:49:42.597019	\N	\N
402	1	admin	LOGIN	User	1	admin	\N	\N	104.28.166.241	\N	t	\N	2026-07-02 02:01:01.638477	\N	\N
403	1	admin	LOGIN	User	1	admin	\N	\N	104.28.166.241	\N	t	\N	2026-07-02 02:06:00.638169	\N	\N
404	1	admin	LOGIN	User	1	admin	\N	\N	181.55.20.97	\N	t	\N	2026-07-02 02:06:54.639469	\N	\N
405	1	admin	LOGIN	User	1	admin	\N	\N	104.28.166.241	\N	t	\N	2026-07-02 02:08:03.455947	\N	\N
406	1	admin	LOGIN	User	1	admin	\N	\N	104.28.153.53	\N	t	\N	2026-07-02 02:41:00.020952	\N	\N
407	4	usuario	LOGIN	User	4	usuario	\N	\N	104.28.153.53	\N	t	\N	2026-07-02 03:33:06.963429	\N	\N
408	1	admin	LOGIN	User	1	admin	\N	\N	181.55.20.97	\N	t	\N	2026-07-02 04:25:00.267257	\N	\N
409	1	admin	LOGIN	User	1	admin	\N	\N	190.145.218.88	\N	t	\N	2026-07-02 16:19:41.088451	\N	\N
410	1	admin	LOGIN	User	1	admin	\N	\N	190.0.244.122	\N	t	\N	2026-07-02 17:05:38.55134	\N	\N
411	1	admin	LOGIN	User	1	admin	\N	\N	181.68.236.237	\N	t	\N	2026-07-03 02:11:02.507294	\N	\N
412	1	admin	LOGIN	User	1	admin	\N	\N	181.68.236.237	\N	t	\N	2026-07-03 03:19:59.502892	\N	\N
413	1	admin	LOGIN	User	1	admin	\N	\N	181.68.236.237	\N	t	\N	2026-07-03 04:03:12.069383	\N	\N
415	1	admin	LOGIN	User	1	admin	\N	\N	181.68.236.237	\N	t	\N	2026-07-03 04:05:22.055991	\N	\N
417	1	admin	LOGIN	User	1	admin	\N	\N	181.68.236.237	\N	t	\N	2026-07-03 04:22:35.265895	\N	\N
418	1	admin	LOGIN	User	1	admin	\N	\N	181.68.236.237	\N	t	\N	2026-07-03 05:31:31.859362	\N	\N
414	\N	admin1	LOGIN	User	6	admin1	\N	\N	181.68.236.237	\N	t	\N	2026-07-03 04:04:56.271128	\N	\N
416	\N	admin1	LOGIN	User	6	admin1	\N	\N	181.68.236.237	\N	t	\N	2026-07-03 04:05:47.587707	\N	\N
419	1	admin	LOGIN	User	1	admin	\N	\N	181.68.236.237	\N	t	\N	2026-07-03 12:08:02.711268	\N	\N
420	1	admin	LOGIN	User	1	admin	\N	\N	181.68.236.237	\N	t	\N	2026-07-03 12:45:04.702421	SuperAdministrador del Sistema	ROLE_SUPERADMIN
421	1	admin	LOGIN	User	1	admin	\N	\N	190.0.244.122	\N	t	\N	2026-07-03 13:33:01.237405	SuperAdministrador del Sistema	ROLE_SUPERADMIN
422	1	admin	LOGIN	User	1	admin	\N	\N	190.0.244.122	\N	t	\N	2026-07-03 13:35:57.590649	SuperAdministrador del Sistema	ROLE_SUPERADMIN
423	1	admin	LOGIN	User	1	admin	\N	\N	181.68.227.37	\N	t	\N	2026-07-06 00:33:38.77026	SuperAdministrador del Sistema	ROLE_SUPERADMIN
\.


--
-- Data for Name: flyway_schema_history; Type: TABLE DATA; Schema: public; Owner: postgres
--

COPY public.flyway_schema_history (installed_rank, version, description, type, script, checksum, installed_by, installed_on, execution_time, success) FROM stdin;
1	1	init schema	SQL	V1__init_schema.sql	-283020922	postgres	2026-04-17 15:56:47.194359	142	t
2	2	seed data	SQL	V2__seed_data.sql	-1350184923	postgres	2026-04-17 15:56:47.364371	9	t
3	3	rename asset tag to codigo	SQL	V3__rename_asset_tag_to_codigo.sql	-597118417	postgres	2026-04-17 17:44:57.373216	6	t
4	4	drop image url column	SQL	V4__drop_image_url_column.sql	-590639649	postgres	2026-04-18 09:27:30.510854	20	t
5	5	add superadmin role	SQL	V5__add_superadmin_role.sql	-1357750151	postgres	2026-07-03 04:01:42.637966	544	t
6	6	add audit log user snapshot	SQL	V6__add_audit_log_user_snapshot.sql	450898978	postgres	2026-07-03 12:41:38.361454	384	t
\.


--
-- Data for Name: inventory_movements; Type: TABLE DATA; Schema: public; Owner: postgres
--

COPY public.inventory_movements (id, asset_id, movement_type, movement_date, from_area_id, to_area_id, from_user_id, to_user_id, reason, notes, reference_number, created_by, created_at) FROM stdin;
22	261	LOAN	2026-06-14 13:31:00	\N	9	\N	\N	\N	Re	\N	1	2026-06-01 18:31:43.027829
23	3	ENTRY	2026-06-01 14:51:00	\N	\N	\N	\N	\N	Prueba	\N	1	2026-06-01 19:51:31.056025
24	4	TRANSFER	2026-06-24 17:55:00	\N	11	\N	\N	\N	Prueba 	\N	1	2026-06-02 22:55:13.912689
25	149	ENTRY	2026-06-10 11:41:00	\N	13	\N	\N	\N	\N	\N	1	2026-06-10 16:41:34.063632
26	154	ENTRY	2026-06-10 11:42:00	\N	13	\N	\N	\N	\N	\N	1	2026-06-10 16:42:52.102559
27	153	ENTRY	2026-06-10 16:43:49.929427	\N	13	\N	\N	\N	\N	\N	1	2026-06-10 16:43:49.943009
28	152	ENTRY	2026-06-10 16:44:27.419096	\N	13	\N	\N	\N	\N	\N	1	2026-06-10 16:44:27.423946
29	151	ENTRY	2026-06-10 16:44:55.62707	\N	13	\N	\N	\N	\N	\N	1	2026-06-10 16:44:55.639398
\.


--
-- Data for Name: network_devices; Type: TABLE DATA; Schema: public; Owner: postgres
--

COPY public.network_devices (id, asset_id, ip_address, mac_address, hostname, subnet_mask, gateway, dns_primary, dns_secondary, vlan_id, port_number, is_dhcp, network_status, last_seen, location_detail, firmware_version, created_at, updated_at) FROM stdin;
1	6	192.168.25.5	78:78:FF:12:44:53	ppa-2w	255.255.255.0	192.168.25.1	\N	\N	45	78	f	ONLINE	\N	rack 3 piso	cat 6	2026-05-30 10:29:48.42693	2026-05-30 10:29:48.42693
\.


--
-- Data for Name: network_topology; Type: TABLE DATA; Schema: public; Owner: postgres
--

COPY public.network_topology (id, source_device_id, target_device_id, connection_type, port_source, port_target, bandwidth, notes, is_active, created_at) FROM stdin;
\.


--
-- Data for Name: roles; Type: TABLE DATA; Schema: public; Owner: postgres
--

COPY public.roles (id, name, description, created_at) FROM stdin;
1	ROLE_ADMIN	Administrador con acceso total al sistema	2026-04-17 15:56:47.371823
2	ROLE_TECNICO	Tâ”śÂ®cnico de soporte con acceso a gestiâ”śâ”‚n de activos y red	2026-04-17 15:56:47.371823
3	ROLE_USUARIO	Usuario estâ”śĂ­ndar con acceso de consulta	2026-04-17 15:56:47.371823
4	ROLE_SUPERADMIN	Super administrador con control total del sistema	2026-07-03 04:01:42.904852
\.


--
-- Data for Name: user_roles; Type: TABLE DATA; Schema: public; Owner: postgres
--

COPY public.user_roles (user_id, role_id) FROM stdin;
2	2
3	1
4	3
1	4
\.


--
-- Data for Name: users; Type: TABLE DATA; Schema: public; Owner: postgres
--

COPY public.users (id, username, email, password, full_name, phone, document_number, is_active, created_at, updated_at) FROM stdin;
2	pepe	tecnico@uts.edu.co	$2a$10$ji4foI7vtuiOcy2KakyXk.RaJendGeoo4ZcP3FNpLbrEA6OLRRg..	Prueba	3001234567	\N	t	2026-04-17 15:56:47.371823	2026-07-03 05:35:33.207454
1	admin	admin@uts.edu.co	$2a$10$ueEHX3VCbHOycAAOMu10ZO1dpSl7q/qpmwGZuHMDqrLH35hRKjysG	SuperAdministrador del Sistema	6076543210	\N	t	2026-04-17 15:56:47.371823	2026-07-06 00:39:55.99027
3	IngOscar	omonsalve@correo.uts.edu.co	$2a$10$ji4foI7vtuiOcy2KakyXk.RaJendGeoo4ZcP3FNpLbrEA6OLRRg..	Ingeniero Oscar	3187518491	\N	t	2026-06-15 12:49:16.8774	2026-06-15 12:49:16.8774
4	usuario	usuario@uts.edu.co	$2a$10$ji4foI7vtuiOcy2KakyXk.RaJendGeoo4ZcP3FNpLbrEA6OLRRg..	Usuario normal	3214287973	\N	t	2026-06-16 15:30:14.389039	2026-06-16 15:30:14.389039
\.


--
-- Name: areas_id_seq; Type: SEQUENCE SET; Schema: public; Owner: postgres
--

SELECT pg_catalog.setval('public.areas_id_seq', 15, true);


--
-- Name: asset_types_id_seq; Type: SEQUENCE SET; Schema: public; Owner: postgres
--

SELECT pg_catalog.setval('public.asset_types_id_seq', 25, true);


--
-- Name: assets_id_seq; Type: SEQUENCE SET; Schema: public; Owner: postgres
--

SELECT pg_catalog.setval('public.assets_id_seq', 269, true);


--
-- Name: audit_logs_id_seq; Type: SEQUENCE SET; Schema: public; Owner: postgres
--

SELECT pg_catalog.setval('public.audit_logs_id_seq', 424, true);


--
-- Name: inventory_movements_id_seq; Type: SEQUENCE SET; Schema: public; Owner: postgres
--

SELECT pg_catalog.setval('public.inventory_movements_id_seq', 29, true);


--
-- Name: network_devices_id_seq; Type: SEQUENCE SET; Schema: public; Owner: postgres
--

SELECT pg_catalog.setval('public.network_devices_id_seq', 2, true);


--
-- Name: network_topology_id_seq; Type: SEQUENCE SET; Schema: public; Owner: postgres
--

SELECT pg_catalog.setval('public.network_topology_id_seq', 1, false);


--
-- Name: roles_id_seq; Type: SEQUENCE SET; Schema: public; Owner: postgres
--

SELECT pg_catalog.setval('public.roles_id_seq', 4, true);


--
-- Name: users_id_seq; Type: SEQUENCE SET; Schema: public; Owner: postgres
--

SELECT pg_catalog.setval('public.users_id_seq', 6, true);


--
-- Name: account account_pkey; Type: CONSTRAINT; Schema: neon_auth; Owner: neon_auth
--

ALTER TABLE ONLY neon_auth.account
    ADD CONSTRAINT account_pkey PRIMARY KEY (id);


--
-- Name: invitation invitation_pkey; Type: CONSTRAINT; Schema: neon_auth; Owner: neon_auth
--

ALTER TABLE ONLY neon_auth.invitation
    ADD CONSTRAINT invitation_pkey PRIMARY KEY (id);


--
-- Name: jwks jwks_pkey; Type: CONSTRAINT; Schema: neon_auth; Owner: neon_auth
--

ALTER TABLE ONLY neon_auth.jwks
    ADD CONSTRAINT jwks_pkey PRIMARY KEY (id);


--
-- Name: member member_pkey; Type: CONSTRAINT; Schema: neon_auth; Owner: neon_auth
--

ALTER TABLE ONLY neon_auth.member
    ADD CONSTRAINT member_pkey PRIMARY KEY (id);


--
-- Name: organization organization_pkey; Type: CONSTRAINT; Schema: neon_auth; Owner: neon_auth
--

ALTER TABLE ONLY neon_auth.organization
    ADD CONSTRAINT organization_pkey PRIMARY KEY (id);


--
-- Name: organization organization_slug_key; Type: CONSTRAINT; Schema: neon_auth; Owner: neon_auth
--

ALTER TABLE ONLY neon_auth.organization
    ADD CONSTRAINT organization_slug_key UNIQUE (slug);


--
-- Name: project_config project_config_endpoint_id_key; Type: CONSTRAINT; Schema: neon_auth; Owner: neon_auth
--

ALTER TABLE ONLY neon_auth.project_config
    ADD CONSTRAINT project_config_endpoint_id_key UNIQUE (endpoint_id);


--
-- Name: project_config project_config_pkey; Type: CONSTRAINT; Schema: neon_auth; Owner: neon_auth
--

ALTER TABLE ONLY neon_auth.project_config
    ADD CONSTRAINT project_config_pkey PRIMARY KEY (id);


--
-- Name: session session_pkey; Type: CONSTRAINT; Schema: neon_auth; Owner: neon_auth
--

ALTER TABLE ONLY neon_auth.session
    ADD CONSTRAINT session_pkey PRIMARY KEY (id);


--
-- Name: session session_token_key; Type: CONSTRAINT; Schema: neon_auth; Owner: neon_auth
--

ALTER TABLE ONLY neon_auth.session
    ADD CONSTRAINT session_token_key UNIQUE (token);


--
-- Name: user user_email_key; Type: CONSTRAINT; Schema: neon_auth; Owner: neon_auth
--

ALTER TABLE ONLY neon_auth."user"
    ADD CONSTRAINT user_email_key UNIQUE (email);


--
-- Name: user user_pkey; Type: CONSTRAINT; Schema: neon_auth; Owner: neon_auth
--

ALTER TABLE ONLY neon_auth."user"
    ADD CONSTRAINT user_pkey PRIMARY KEY (id);


--
-- Name: verification verification_pkey; Type: CONSTRAINT; Schema: neon_auth; Owner: neon_auth
--

ALTER TABLE ONLY neon_auth.verification
    ADD CONSTRAINT verification_pkey PRIMARY KEY (id);


--
-- Name: areas areas_name_key; Type: CONSTRAINT; Schema: public; Owner: postgres
--

ALTER TABLE ONLY public.areas
    ADD CONSTRAINT areas_name_key UNIQUE (name);


--
-- Name: areas areas_pkey; Type: CONSTRAINT; Schema: public; Owner: postgres
--

ALTER TABLE ONLY public.areas
    ADD CONSTRAINT areas_pkey PRIMARY KEY (id);


--
-- Name: asset_types asset_types_name_key; Type: CONSTRAINT; Schema: public; Owner: postgres
--

ALTER TABLE ONLY public.asset_types
    ADD CONSTRAINT asset_types_name_key UNIQUE (name);


--
-- Name: asset_types asset_types_pkey; Type: CONSTRAINT; Schema: public; Owner: postgres
--

ALTER TABLE ONLY public.asset_types
    ADD CONSTRAINT asset_types_pkey PRIMARY KEY (id);


--
-- Name: assets assets_asset_tag_key; Type: CONSTRAINT; Schema: public; Owner: postgres
--

ALTER TABLE ONLY public.assets
    ADD CONSTRAINT assets_asset_tag_key UNIQUE (codigo);


--
-- Name: assets assets_pkey; Type: CONSTRAINT; Schema: public; Owner: postgres
--

ALTER TABLE ONLY public.assets
    ADD CONSTRAINT assets_pkey PRIMARY KEY (id);


--
-- Name: assets assets_serial_number_key; Type: CONSTRAINT; Schema: public; Owner: postgres
--

ALTER TABLE ONLY public.assets
    ADD CONSTRAINT assets_serial_number_key UNIQUE (serial_number);


--
-- Name: audit_logs audit_logs_pkey; Type: CONSTRAINT; Schema: public; Owner: postgres
--

ALTER TABLE ONLY public.audit_logs
    ADD CONSTRAINT audit_logs_pkey PRIMARY KEY (id);


--
-- Name: flyway_schema_history flyway_schema_history_pk; Type: CONSTRAINT; Schema: public; Owner: postgres
--

ALTER TABLE ONLY public.flyway_schema_history
    ADD CONSTRAINT flyway_schema_history_pk PRIMARY KEY (installed_rank);


--
-- Name: inventory_movements inventory_movements_pkey; Type: CONSTRAINT; Schema: public; Owner: postgres
--

ALTER TABLE ONLY public.inventory_movements
    ADD CONSTRAINT inventory_movements_pkey PRIMARY KEY (id);


--
-- Name: network_devices network_devices_asset_id_key; Type: CONSTRAINT; Schema: public; Owner: postgres
--

ALTER TABLE ONLY public.network_devices
    ADD CONSTRAINT network_devices_asset_id_key UNIQUE (asset_id);


--
-- Name: network_devices network_devices_pkey; Type: CONSTRAINT; Schema: public; Owner: postgres
--

ALTER TABLE ONLY public.network_devices
    ADD CONSTRAINT network_devices_pkey PRIMARY KEY (id);


--
-- Name: network_topology network_topology_pkey; Type: CONSTRAINT; Schema: public; Owner: postgres
--

ALTER TABLE ONLY public.network_topology
    ADD CONSTRAINT network_topology_pkey PRIMARY KEY (id);


--
-- Name: roles roles_name_key; Type: CONSTRAINT; Schema: public; Owner: postgres
--

ALTER TABLE ONLY public.roles
    ADD CONSTRAINT roles_name_key UNIQUE (name);


--
-- Name: roles roles_pkey; Type: CONSTRAINT; Schema: public; Owner: postgres
--

ALTER TABLE ONLY public.roles
    ADD CONSTRAINT roles_pkey PRIMARY KEY (id);


--
-- Name: network_topology uq_topology; Type: CONSTRAINT; Schema: public; Owner: postgres
--

ALTER TABLE ONLY public.network_topology
    ADD CONSTRAINT uq_topology UNIQUE (source_device_id, target_device_id);


--
-- Name: user_roles user_roles_pkey; Type: CONSTRAINT; Schema: public; Owner: postgres
--

ALTER TABLE ONLY public.user_roles
    ADD CONSTRAINT user_roles_pkey PRIMARY KEY (user_id, role_id);


--
-- Name: users users_email_key; Type: CONSTRAINT; Schema: public; Owner: postgres
--

ALTER TABLE ONLY public.users
    ADD CONSTRAINT users_email_key UNIQUE (email);


--
-- Name: users users_pkey; Type: CONSTRAINT; Schema: public; Owner: postgres
--

ALTER TABLE ONLY public.users
    ADD CONSTRAINT users_pkey PRIMARY KEY (id);


--
-- Name: users users_username_key; Type: CONSTRAINT; Schema: public; Owner: postgres
--

ALTER TABLE ONLY public.users
    ADD CONSTRAINT users_username_key UNIQUE (username);


--
-- Name: account_userId_idx; Type: INDEX; Schema: neon_auth; Owner: neon_auth
--

CREATE INDEX "account_userId_idx" ON neon_auth.account USING btree ("userId");


--
-- Name: invitation_email_idx; Type: INDEX; Schema: neon_auth; Owner: neon_auth
--

CREATE INDEX invitation_email_idx ON neon_auth.invitation USING btree (email);


--
-- Name: invitation_organizationId_idx; Type: INDEX; Schema: neon_auth; Owner: neon_auth
--

CREATE INDEX "invitation_organizationId_idx" ON neon_auth.invitation USING btree ("organizationId");


--
-- Name: member_organizationId_idx; Type: INDEX; Schema: neon_auth; Owner: neon_auth
--

CREATE INDEX "member_organizationId_idx" ON neon_auth.member USING btree ("organizationId");


--
-- Name: member_userId_idx; Type: INDEX; Schema: neon_auth; Owner: neon_auth
--

CREATE INDEX "member_userId_idx" ON neon_auth.member USING btree ("userId");


--
-- Name: organization_slug_uidx; Type: INDEX; Schema: neon_auth; Owner: neon_auth
--

CREATE UNIQUE INDEX organization_slug_uidx ON neon_auth.organization USING btree (slug);


--
-- Name: session_userId_idx; Type: INDEX; Schema: neon_auth; Owner: neon_auth
--

CREATE INDEX "session_userId_idx" ON neon_auth.session USING btree ("userId");


--
-- Name: verification_identifier_idx; Type: INDEX; Schema: neon_auth; Owner: neon_auth
--

CREATE INDEX verification_identifier_idx ON neon_auth.verification USING btree (identifier);


--
-- Name: flyway_schema_history_s_idx; Type: INDEX; Schema: public; Owner: postgres
--

CREATE INDEX flyway_schema_history_s_idx ON public.flyway_schema_history USING btree (success);


--
-- Name: idx_assets_area; Type: INDEX; Schema: public; Owner: postgres
--

CREATE INDEX idx_assets_area ON public.assets USING btree (area_id);


--
-- Name: idx_assets_assigned_user; Type: INDEX; Schema: public; Owner: postgres
--

CREATE INDEX idx_assets_assigned_user ON public.assets USING btree (assigned_user_id);


--
-- Name: idx_assets_status; Type: INDEX; Schema: public; Owner: postgres
--

CREATE INDEX idx_assets_status ON public.assets USING btree (status);


--
-- Name: idx_assets_type; Type: INDEX; Schema: public; Owner: postgres
--

CREATE INDEX idx_assets_type ON public.assets USING btree (asset_type_id);


--
-- Name: idx_audit_logs_entity; Type: INDEX; Schema: public; Owner: postgres
--

CREATE INDEX idx_audit_logs_entity ON public.audit_logs USING btree (entity_type, entity_id);


--
-- Name: idx_audit_logs_timestamp; Type: INDEX; Schema: public; Owner: postgres
--

CREATE INDEX idx_audit_logs_timestamp ON public.audit_logs USING btree ("timestamp");


--
-- Name: idx_audit_logs_user; Type: INDEX; Schema: public; Owner: postgres
--

CREATE INDEX idx_audit_logs_user ON public.audit_logs USING btree (user_id);


--
-- Name: idx_inventory_movements_asset; Type: INDEX; Schema: public; Owner: postgres
--

CREATE INDEX idx_inventory_movements_asset ON public.inventory_movements USING btree (asset_id);


--
-- Name: idx_inventory_movements_date; Type: INDEX; Schema: public; Owner: postgres
--

CREATE INDEX idx_inventory_movements_date ON public.inventory_movements USING btree (movement_date);


--
-- Name: idx_network_devices_ip; Type: INDEX; Schema: public; Owner: postgres
--

CREATE INDEX idx_network_devices_ip ON public.network_devices USING btree (ip_address);


--
-- Name: idx_network_devices_status; Type: INDEX; Schema: public; Owner: postgres
--

CREATE INDEX idx_network_devices_status ON public.network_devices USING btree (network_status);


--
-- Name: account account_userId_fkey; Type: FK CONSTRAINT; Schema: neon_auth; Owner: neon_auth
--

ALTER TABLE ONLY neon_auth.account
    ADD CONSTRAINT "account_userId_fkey" FOREIGN KEY ("userId") REFERENCES neon_auth."user"(id) ON DELETE CASCADE;


--
-- Name: invitation invitation_inviterId_fkey; Type: FK CONSTRAINT; Schema: neon_auth; Owner: neon_auth
--

ALTER TABLE ONLY neon_auth.invitation
    ADD CONSTRAINT "invitation_inviterId_fkey" FOREIGN KEY ("inviterId") REFERENCES neon_auth."user"(id) ON DELETE CASCADE;


--
-- Name: invitation invitation_organizationId_fkey; Type: FK CONSTRAINT; Schema: neon_auth; Owner: neon_auth
--

ALTER TABLE ONLY neon_auth.invitation
    ADD CONSTRAINT "invitation_organizationId_fkey" FOREIGN KEY ("organizationId") REFERENCES neon_auth.organization(id) ON DELETE CASCADE;


--
-- Name: member member_organizationId_fkey; Type: FK CONSTRAINT; Schema: neon_auth; Owner: neon_auth
--

ALTER TABLE ONLY neon_auth.member
    ADD CONSTRAINT "member_organizationId_fkey" FOREIGN KEY ("organizationId") REFERENCES neon_auth.organization(id) ON DELETE CASCADE;


--
-- Name: member member_userId_fkey; Type: FK CONSTRAINT; Schema: neon_auth; Owner: neon_auth
--

ALTER TABLE ONLY neon_auth.member
    ADD CONSTRAINT "member_userId_fkey" FOREIGN KEY ("userId") REFERENCES neon_auth."user"(id) ON DELETE CASCADE;


--
-- Name: session session_userId_fkey; Type: FK CONSTRAINT; Schema: neon_auth; Owner: neon_auth
--

ALTER TABLE ONLY neon_auth.session
    ADD CONSTRAINT "session_userId_fkey" FOREIGN KEY ("userId") REFERENCES neon_auth."user"(id) ON DELETE CASCADE;


--
-- Name: areas areas_responsible_id_fkey; Type: FK CONSTRAINT; Schema: public; Owner: postgres
--

ALTER TABLE ONLY public.areas
    ADD CONSTRAINT areas_responsible_id_fkey FOREIGN KEY (responsible_id) REFERENCES public.users(id);


--
-- Name: assets assets_area_id_fkey; Type: FK CONSTRAINT; Schema: public; Owner: postgres
--

ALTER TABLE ONLY public.assets
    ADD CONSTRAINT assets_area_id_fkey FOREIGN KEY (area_id) REFERENCES public.areas(id);


--
-- Name: assets assets_asset_type_id_fkey; Type: FK CONSTRAINT; Schema: public; Owner: postgres
--

ALTER TABLE ONLY public.assets
    ADD CONSTRAINT assets_asset_type_id_fkey FOREIGN KEY (asset_type_id) REFERENCES public.asset_types(id);


--
-- Name: assets assets_assigned_user_id_fkey; Type: FK CONSTRAINT; Schema: public; Owner: postgres
--

ALTER TABLE ONLY public.assets
    ADD CONSTRAINT assets_assigned_user_id_fkey FOREIGN KEY (assigned_user_id) REFERENCES public.users(id);


--
-- Name: assets assets_created_by_fkey; Type: FK CONSTRAINT; Schema: public; Owner: postgres
--

ALTER TABLE ONLY public.assets
    ADD CONSTRAINT assets_created_by_fkey FOREIGN KEY (created_by) REFERENCES public.users(id);


--
-- Name: audit_logs audit_logs_user_id_fkey; Type: FK CONSTRAINT; Schema: public; Owner: postgres
--

ALTER TABLE ONLY public.audit_logs
    ADD CONSTRAINT audit_logs_user_id_fkey FOREIGN KEY (user_id) REFERENCES public.users(id);


--
-- Name: inventory_movements inventory_movements_asset_id_fkey; Type: FK CONSTRAINT; Schema: public; Owner: postgres
--

ALTER TABLE ONLY public.inventory_movements
    ADD CONSTRAINT inventory_movements_asset_id_fkey FOREIGN KEY (asset_id) REFERENCES public.assets(id);


--
-- Name: inventory_movements inventory_movements_created_by_fkey; Type: FK CONSTRAINT; Schema: public; Owner: postgres
--

ALTER TABLE ONLY public.inventory_movements
    ADD CONSTRAINT inventory_movements_created_by_fkey FOREIGN KEY (created_by) REFERENCES public.users(id);


--
-- Name: inventory_movements inventory_movements_from_area_id_fkey; Type: FK CONSTRAINT; Schema: public; Owner: postgres
--

ALTER TABLE ONLY public.inventory_movements
    ADD CONSTRAINT inventory_movements_from_area_id_fkey FOREIGN KEY (from_area_id) REFERENCES public.areas(id);


--
-- Name: inventory_movements inventory_movements_from_user_id_fkey; Type: FK CONSTRAINT; Schema: public; Owner: postgres
--

ALTER TABLE ONLY public.inventory_movements
    ADD CONSTRAINT inventory_movements_from_user_id_fkey FOREIGN KEY (from_user_id) REFERENCES public.users(id);


--
-- Name: inventory_movements inventory_movements_to_area_id_fkey; Type: FK CONSTRAINT; Schema: public; Owner: postgres
--

ALTER TABLE ONLY public.inventory_movements
    ADD CONSTRAINT inventory_movements_to_area_id_fkey FOREIGN KEY (to_area_id) REFERENCES public.areas(id);


--
-- Name: inventory_movements inventory_movements_to_user_id_fkey; Type: FK CONSTRAINT; Schema: public; Owner: postgres
--

ALTER TABLE ONLY public.inventory_movements
    ADD CONSTRAINT inventory_movements_to_user_id_fkey FOREIGN KEY (to_user_id) REFERENCES public.users(id);


--
-- Name: network_devices network_devices_asset_id_fkey; Type: FK CONSTRAINT; Schema: public; Owner: postgres
--

ALTER TABLE ONLY public.network_devices
    ADD CONSTRAINT network_devices_asset_id_fkey FOREIGN KEY (asset_id) REFERENCES public.assets(id) ON DELETE CASCADE;


--
-- Name: network_topology network_topology_source_device_id_fkey; Type: FK CONSTRAINT; Schema: public; Owner: postgres
--

ALTER TABLE ONLY public.network_topology
    ADD CONSTRAINT network_topology_source_device_id_fkey FOREIGN KEY (source_device_id) REFERENCES public.network_devices(id) ON DELETE CASCADE;


--
-- Name: network_topology network_topology_target_device_id_fkey; Type: FK CONSTRAINT; Schema: public; Owner: postgres
--

ALTER TABLE ONLY public.network_topology
    ADD CONSTRAINT network_topology_target_device_id_fkey FOREIGN KEY (target_device_id) REFERENCES public.network_devices(id) ON DELETE CASCADE;


--
-- Name: user_roles user_roles_role_id_fkey; Type: FK CONSTRAINT; Schema: public; Owner: postgres
--

ALTER TABLE ONLY public.user_roles
    ADD CONSTRAINT user_roles_role_id_fkey FOREIGN KEY (role_id) REFERENCES public.roles(id);


--
-- Name: user_roles user_roles_user_id_fkey; Type: FK CONSTRAINT; Schema: public; Owner: postgres
--

ALTER TABLE ONLY public.user_roles
    ADD CONSTRAINT user_roles_user_id_fkey FOREIGN KEY (user_id) REFERENCES public.users(id) ON DELETE CASCADE;


--
-- Name: DEFAULT PRIVILEGES FOR SEQUENCES; Type: DEFAULT ACL; Schema: public; Owner: cloud_admin
--

ALTER DEFAULT PRIVILEGES FOR ROLE cloud_admin IN SCHEMA public GRANT ALL ON SEQUENCES TO neon_superuser WITH GRANT OPTION;


--
-- Name: DEFAULT PRIVILEGES FOR TABLES; Type: DEFAULT ACL; Schema: public; Owner: cloud_admin
--

ALTER DEFAULT PRIVILEGES FOR ROLE cloud_admin IN SCHEMA public GRANT ALL ON TABLES TO neon_superuser WITH GRANT OPTION;


--
-- PostgreSQL database dump complete
--

\unrestrict qaiW7xcHTfu5Hwm2iHnYuHl76A1sk7fsOZOGdONIAY3s2wWowLJHEautad2fEfU

